{"error": null, "params": {"geo": {"type": "FeatureCollection", "features": [{"type": "Feature", "geometry": {"type": "Polygon", "coordinates": [[[7.697819, 47.457239], [7.697819, 47.513835], [7.779604, 47.513835], [7.779604, 47.457239], [7.697819, 47.457239]]]}, "properties": {}}], "fileName": "User-Drawn-Polygon"}, "dates": [{"endDate": "06-01", "recurring": true, "startDate": "01-01", "yearRange": [1950, 2040]}], "layers": [{"layer": "_500m_16_days_EVI", "product": "MOD13A1.006"}, {"layer": "_500m_16_days_NDVI", "product": "MOD13A1.006"}, {"layer": "_500m_16_days_VI_Quality", "product": "MOD13A1.006"}], "output": {"format": {"type": "geotiff"}, "projection": "geographic"}}, "status": "processing", "created": "2022-02-12T17:36:54.530611", "task_id": "aff2c1dc-9f9e-4368-acea-00a9af2571df", "updated": "2022-02-12T17:36:56.827246", "user_id": "wpattie@comcast.net", "estimate": {"request_size": 592180.1619342251}, "retry_at": null, "has_swath": false, "task_name": "LieStal", "task_type": "area", "api_version": null, "svc_version": "2.70", "web_version": "2.70", "size_category": "0", "has_nsidc_daac": false, "expires_on": "2022-03-14T17:36:56.827246", "attempts": 1}
