Value,MODLAND,VI Usefulness,Aerosol Quantity,Adjacent cloud detected,Atmosphere BRDF Correction,Mixed Clouds,Land/Water Mask,Possible snow/ice,Possible shadow
2057,"VI produced, but check other QA",Decreasing quality (0010),Climatology,No,No,No,Land (Nothing else but land),No,No
2058,"Pixel produced, but most probably cloudy",Decreasing quality (0010),Climatology,No,No,No,Land (Nothing else but land),No,No
2061,"VI produced, but check other QA",Decreasing quality (0011),Climatology,No,No,No,Land (Nothing else but land),No,No
2062,"Pixel produced, but most probably cloudy",Decreasing quality (0011),Climatology,No,No,No,Land (Nothing else but land),No,No
2065,"VI produced, but check other QA",Decreasing quality (0100),Climatology,No,No,No,Land (Nothing else but land),No,No
2066,"Pixel produced, but most probably cloudy",Decreasing quality (0100),Climatology,No,No,No,Land (Nothing else but land),No,No
2070,"Pixel produced, but most probably cloudy",Decreasing quality (0101),Climatology,No,No,No,Land (Nothing else but land),No,No
2112,VI produced with good quality,Highest quality,Low,No,No,No,Land (Nothing else but land),No,No
2116,VI produced with good quality,Lower quality,Low,No,No,No,Land (Nothing else but land),No,No
2120,VI produced with good quality,Decreasing quality (0010),Low,No,No,No,Land (Nothing else but land),No,No
2122,"Pixel produced, but most probably cloudy",Decreasing quality (0010),Low,No,No,No,Land (Nothing else but land),No,No
2124,VI produced with good quality,Decreasing quality (0011),Low,No,No,No,Land (Nothing else but land),No,No
2126,"Pixel produced, but most probably cloudy",Decreasing quality (0011),Low,No,No,No,Land (Nothing else but land),No,No
2172,VI produced with good quality,Not useful for any other reason/not processed,Low,No,No,No,Land (Nothing else but land),No,No
2181,"VI produced, but check other QA",Lower quality,Average,No,No,No,Land (Nothing else but land),No,No
2182,"Pixel produced, but most probably cloudy",Lower quality,Average,No,No,No,Land (Nothing else but land),No,No
2185,"VI produced, but check other QA",Decreasing quality (0010),Average,No,No,No,Land (Nothing else but land),No,No
2189,"VI produced, but check other QA",Decreasing quality (0011),Average,No,No,No,Land (Nothing else but land),No,No
2193,"VI produced, but check other QA",Decreasing quality (0100),Average,No,No,No,Land (Nothing else but land),No,No
2237,"VI produced, but check other QA",Not useful for any other reason/not processed,Average,No,No,No,Land (Nothing else but land),No,No
2253,"VI produced, but check other QA",Decreasing quality (0011),High,No,No,No,Land (Nothing else but land),No,No
2254,"Pixel produced, but most probably cloudy",Decreasing quality (0011),High,No,No,No,Land (Nothing else but land),No,No
2257,"VI produced, but check other QA",Decreasing quality (0100),High,No,No,No,Land (Nothing else but land),No,No
2258,"Pixel produced, but most probably cloudy",Decreasing quality (0100),High,No,No,No,Land (Nothing else but land),No,No
2261,"VI produced, but check other QA",Decreasing quality (0101),High,No,No,No,Land (Nothing else but land),No,No
2262,"Pixel produced, but most probably cloudy",Decreasing quality (0101),High,No,No,No,Land (Nothing else but land),No,No
2265,"VI produced, but check other QA",Decreasing quality (0110),High,No,No,No,Land (Nothing else but land),No,No
2266,"Pixel produced, but most probably cloudy",Decreasing quality (0110),High,No,No,No,Land (Nothing else but land),No,No
2317,"VI produced, but check other QA",Decreasing quality (0011),Climatology,Yes,No,No,Land (Nothing else but land),No,No
2318,"Pixel produced, but most probably cloudy",Decreasing quality (0011),Climatology,Yes,No,No,Land (Nothing else but land),No,No
2322,"Pixel produced, but most probably cloudy",Decreasing quality (0100),Climatology,Yes,No,No,Land (Nothing else but land),No,No
2325,"VI produced, but check other QA",Decreasing quality (0101),Climatology,Yes,No,No,Land (Nothing else but land),No,No
2326,"Pixel produced, but most probably cloudy",Decreasing quality (0101),Climatology,Yes,No,No,Land (Nothing else but land),No,No
2330,"Pixel produced, but most probably cloudy",Decreasing quality (0110),Climatology,Yes,No,No,Land (Nothing else but land),No,No
2372,VI produced with good quality,Lower quality,Low,Yes,No,No,Land (Nothing else but land),No,No
2376,VI produced with good quality,Decreasing quality (0010),Low,Yes,No,No,Land (Nothing else but land),No,No
2380,VI produced with good quality,Decreasing quality (0011),Low,Yes,No,No,Land (Nothing else but land),No,No
2382,"Pixel produced, but most probably cloudy",Decreasing quality (0011),Low,Yes,No,No,Land (Nothing else but land),No,No
2441,"VI produced, but check other QA",Decreasing quality (0010),Average,Yes,No,No,Land (Nothing else but land),No,No
2442,"Pixel produced, but most probably cloudy",Decreasing quality (0010),Average,Yes,No,No,Land (Nothing else but land),No,No
2445,"VI produced, but check other QA",Decreasing quality (0011),Average,Yes,No,No,Land (Nothing else but land),No,No
2446,"Pixel produced, but most probably cloudy",Decreasing quality (0011),Average,Yes,No,No,Land (Nothing else but land),No,No
2449,"VI produced, but check other QA",Decreasing quality (0100),Average,Yes,No,No,Land (Nothing else but land),No,No
2450,"Pixel produced, but most probably cloudy",Decreasing quality (0100),Average,Yes,No,No,Land (Nothing else but land),No,No
2453,"VI produced, but check other QA",Decreasing quality (0101),Average,Yes,No,No,Land (Nothing else but land),No,No
2454,"Pixel produced, but most probably cloudy",Decreasing quality (0101),Average,Yes,No,No,Land (Nothing else but land),No,No
2513,"VI produced, but check other QA",Decreasing quality (0100),High,Yes,No,No,Land (Nothing else but land),No,No
2514,"Pixel produced, but most probably cloudy",Decreasing quality (0100),High,Yes,No,No,Land (Nothing else but land),No,No
2517,"VI produced, but check other QA",Decreasing quality (0101),High,Yes,No,No,Land (Nothing else but land),No,No
2518,"Pixel produced, but most probably cloudy",Decreasing quality (0101),High,Yes,No,No,Land (Nothing else but land),No,No
2521,"VI produced, but check other QA",Decreasing quality (0110),High,Yes,No,No,Land (Nothing else but land),No,No
2522,"Pixel produced, but most probably cloudy",Decreasing quality (0110),High,Yes,No,No,Land (Nothing else but land),No,No
2525,"VI produced, but check other QA",Decreasing quality (0111),High,Yes,No,No,Land (Nothing else but land),No,No
2526,"Pixel produced, but most probably cloudy",Decreasing quality (0111),High,Yes,No,No,Land (Nothing else but land),No,No
3094,"Pixel produced, but most probably cloudy",Decreasing quality (0101),Climatology,No,No,Yes,Land (Nothing else but land),No,No
3098,"Pixel produced, but most probably cloudy",Decreasing quality (0110),Climatology,No,No,Yes,Land (Nothing else but land),No,No
3102,"Pixel produced, but most probably cloudy",Decreasing quality (0111),Climatology,No,No,Yes,Land (Nothing else but land),No,No
3106,"Pixel produced, but most probably cloudy",Decreasing quality (1000),Climatology,No,No,Yes,Land (Nothing else but land),No,No
3150,"Pixel produced, but most probably cloudy",Decreasing quality (0011),Low,No,No,Yes,Land (Nothing else but land),No,No
3154,"Pixel produced, but most probably cloudy",Decreasing quality (0100),Low,No,No,Yes,Land (Nothing else but land),No,No
3158,"Pixel produced, but most probably cloudy",Decreasing quality (0101),Low,No,No,Yes,Land (Nothing else but land),No,No
3162,"Pixel produced, but most probably cloudy",Decreasing quality (0110),Low,No,No,Yes,Land (Nothing else but land),No,No
3218,"Pixel produced, but most probably cloudy",Decreasing quality (0100),Average,No,No,Yes,Land (Nothing else but land),No,No
3222,"Pixel produced, but most probably cloudy",Decreasing quality (0101),Average,No,No,Yes,Land (Nothing else but land),No,No
3226,"Pixel produced, but most probably cloudy",Decreasing quality (0110),Average,No,No,Yes,Land (Nothing else but land),No,No
3230,"Pixel produced, but most probably cloudy",Decreasing quality (0111),Average,No,No,Yes,Land (Nothing else but land),No,No
3290,"Pixel produced, but most probably cloudy",Decreasing quality (0110),High,No,No,Yes,Land (Nothing else but land),No,No
3294,"Pixel produced, but most probably cloudy",Decreasing quality (0111),High,No,No,Yes,Land (Nothing else but land),No,No
3298,"Pixel produced, but most probably cloudy",Decreasing quality (1000),High,No,No,Yes,Land (Nothing else but land),No,No
3302,"Pixel produced, but most probably cloudy",Decreasing quality (1001),High,No,No,Yes,Land (Nothing else but land),No,No
3354,"Pixel produced, but most probably cloudy",Decreasing quality (0110),Climatology,Yes,No,Yes,Land (Nothing else but land),No,No
3358,"Pixel produced, but most probably cloudy",Decreasing quality (0111),Climatology,Yes,No,Yes,Land (Nothing else but land),No,No
3362,"Pixel produced, but most probably cloudy",Decreasing quality (1000),Climatology,Yes,No,Yes,Land (Nothing else but land),No,No
3366,"Pixel produced, but most probably cloudy",Decreasing quality (1001),Climatology,Yes,No,Yes,Land (Nothing else but land),No,No
3410,"Pixel produced, but most probably cloudy",Decreasing quality (0100),Low,Yes,No,Yes,Land (Nothing else but land),No,No
3418,"Pixel produced, but most probably cloudy",Decreasing quality (0110),Low,Yes,No,Yes,Land (Nothing else but land),No,No
3422,"Pixel produced, but most probably cloudy",Decreasing quality (0111),Low,Yes,No,Yes,Land (Nothing else but land),No,No
3478,"Pixel produced, but most probably cloudy",Decreasing quality (0101),Average,Yes,No,Yes,Land (Nothing else but land),No,No
3482,"Pixel produced, but most probably cloudy",Decreasing quality (0110),Average,Yes,No,Yes,Land (Nothing else but land),No,No
3486,"Pixel produced, but most probably cloudy",Decreasing quality (0111),Average,Yes,No,Yes,Land (Nothing else but land),No,No
3490,"Pixel produced, but most probably cloudy",Decreasing quality (1000),Average,Yes,No,Yes,Land (Nothing else but land),No,No
3550,"Pixel produced, but most probably cloudy",Decreasing quality (0111),High,Yes,No,Yes,Land (Nothing else but land),No,No
3554,"Pixel produced, but most probably cloudy",Decreasing quality (1000),High,Yes,No,Yes,Land (Nothing else but land),No,No
3558,"Pixel produced, but most probably cloudy",Decreasing quality (1001),High,Yes,No,Yes,Land (Nothing else but land),No,No
3562,"Pixel produced, but most probably cloudy",Decreasing quality (1010),High,Yes,No,Yes,Land (Nothing else but land),No,No
4106,"Pixel produced, but most probably cloudy",Decreasing quality (0010),Climatology,No,No,No,Ocean coastlines and lake shorelines,No,No
4110,"Pixel produced, but most probably cloudy",Decreasing quality (0011),Climatology,No,No,No,Ocean coastlines and lake shorelines,No,No
4114,"Pixel produced, but most probably cloudy",Decreasing quality (0100),Climatology,No,No,No,Ocean coastlines and lake shorelines,No,No
4118,"Pixel produced, but most probably cloudy",Decreasing quality (0101),Climatology,No,No,No,Ocean coastlines and lake shorelines,No,No
4160,VI produced with good quality,Highest quality,Low,No,No,No,Ocean coastlines and lake shorelines,No,No
4164,VI produced with good quality,Lower quality,Low,No,No,No,Ocean coastlines and lake shorelines,No,No
4168,VI produced with good quality,Decreasing quality (0010),Low,No,No,No,Ocean coastlines and lake shorelines,No,No
4172,VI produced with good quality,Decreasing quality (0011),Low,No,No,No,Ocean coastlines and lake shorelines,No,No
4229,"VI produced, but check other QA",Lower quality,Average,No,No,No,Ocean coastlines and lake shorelines,No,No
4233,"VI produced, but check other QA",Decreasing quality (0010),Average,No,No,No,Ocean coastlines and lake shorelines,No,No
4237,"VI produced, but check other QA",Decreasing quality (0011),Average,No,No,No,Ocean coastlines and lake shorelines,No,No
4241,"VI produced, but check other QA",Decreasing quality (0100),Average,No,No,No,Ocean coastlines and lake shorelines,No,No
4305,"VI produced, but check other QA",Decreasing quality (0100),High,No,No,No,Ocean coastlines and lake shorelines,No,No
4309,"VI produced, but check other QA",Decreasing quality (0101),High,No,No,No,Ocean coastlines and lake shorelines,No,No
4313,"VI produced, but check other QA",Decreasing quality (0110),High,No,No,No,Ocean coastlines and lake shorelines,No,No
4369,"VI produced, but check other QA",Decreasing quality (0100),Climatology,Yes,No,No,Ocean coastlines and lake shorelines,No,No
4370,"Pixel produced, but most probably cloudy",Decreasing quality (0100),Climatology,Yes,No,No,Ocean coastlines and lake shorelines,No,No
4373,"VI produced, but check other QA",Decreasing quality (0101),Climatology,Yes,No,No,Ocean coastlines and lake shorelines,No,No
4374,"Pixel produced, but most probably cloudy",Decreasing quality (0101),Climatology,Yes,No,No,Ocean coastlines and lake shorelines,No,No
4377,"VI produced, but check other QA",Decreasing quality (0110),Climatology,Yes,No,No,Ocean coastlines and lake shorelines,No,No
4378,"Pixel produced, but most probably cloudy",Decreasing quality (0110),Climatology,Yes,No,No,Ocean coastlines and lake shorelines,No,No
5146,"Pixel produced, but most probably cloudy",Decreasing quality (0110),Climatology,No,No,Yes,Ocean coastlines and lake shorelines,No,No
5150,"Pixel produced, but most probably cloudy",Decreasing quality (0111),Climatology,No,No,Yes,Ocean coastlines and lake shorelines,No,No
5154,"Pixel produced, but most probably cloudy",Decreasing quality (1000),Climatology,No,No,Yes,Ocean coastlines and lake shorelines,No,No
5346,"Pixel produced, but most probably cloudy",Decreasing quality (1000),High,No,No,Yes,Ocean coastlines and lake shorelines,No,No
5350,"Pixel produced, but most probably cloudy",Decreasing quality (1001),High,No,No,Yes,Ocean coastlines and lake shorelines,No,No
5410,"Pixel produced, but most probably cloudy",Decreasing quality (1000),Climatology,Yes,No,Yes,Ocean coastlines and lake shorelines,No,No
5414,"Pixel produced, but most probably cloudy",Decreasing quality (1001),Climatology,Yes,No,Yes,Ocean coastlines and lake shorelines,No,No
18445,"VI produced, but check other QA",Decreasing quality (0011),Climatology,No,No,No,Land (Nothing else but land),Yes,No
18449,"VI produced, but check other QA",Decreasing quality (0100),Climatology,No,No,No,Land (Nothing else but land),Yes,No
18450,"Pixel produced, but most probably cloudy",Decreasing quality (0100),Climatology,No,No,No,Land (Nothing else but land),Yes,No
18453,"VI produced, but check other QA",Decreasing quality (0101),Climatology,No,No,No,Land (Nothing else but land),Yes,No
18454,"Pixel produced, but most probably cloudy",Decreasing quality (0101),Climatology,No,No,No,Land (Nothing else but land),Yes,No
18457,"VI produced, but check other QA",Decreasing quality (0110),Climatology,No,No,No,Land (Nothing else but land),Yes,No
18458,"Pixel produced, but most probably cloudy",Decreasing quality (0110),Climatology,No,No,No,Land (Nothing else but land),Yes,No
18645,"VI produced, but check other QA",Decreasing quality (0101),High,No,No,No,Land (Nothing else but land),Yes,No
18705,"VI produced, but check other QA",Decreasing quality (0100),Climatology,Yes,No,No,Land (Nothing else but land),Yes,No
18709,"VI produced, but check other QA",Decreasing quality (0101),Climatology,Yes,No,No,Land (Nothing else but land),Yes,No
18713,"VI produced, but check other QA",Decreasing quality (0110),Climatology,Yes,No,No,Land (Nothing else but land),Yes,No
18717,"VI produced, but check other QA",Decreasing quality (0111),Climatology,Yes,No,No,Land (Nothing else but land),Yes,No
20493,"VI produced, but check other QA",Decreasing quality (0011),Climatology,No,No,No,Ocean coastlines and lake shorelines,Yes,No
20497,"VI produced, but check other QA",Decreasing quality (0100),Climatology,No,No,No,Ocean coastlines and lake shorelines,Yes,No
20501,"VI produced, but check other QA",Decreasing quality (0101),Climatology,No,No,No,Ocean coastlines and lake shorelines,Yes,No
20761,"VI produced, but check other QA",Decreasing quality (0110),Climatology,Yes,No,No,Ocean coastlines and lake shorelines,Yes,No
34838,"Pixel produced, but most probably cloudy",Decreasing quality (0101),Climatology,No,No,No,Land (Nothing else but land),No,Yes
34888,VI produced with good quality,Decreasing quality (0010),Low,No,No,No,Land (Nothing else but land),No,Yes
34892,VI produced with good quality,Decreasing quality (0011),Low,No,No,No,Land (Nothing else but land),No,Yes
34896,VI produced with good quality,Decreasing quality (0100),Low,No,No,No,Land (Nothing else but land),No,Yes
34900,VI produced with good quality,Decreasing quality (0101),Low,No,No,No,Land (Nothing else but land),No,Yes
34957,"VI produced, but check other QA",Decreasing quality (0011),Average,No,No,No,Land (Nothing else but land),No,Yes
34961,"VI produced, but check other QA",Decreasing quality (0100),Average,No,No,No,Land (Nothing else but land),No,Yes
34965,"VI produced, but check other QA",Decreasing quality (0101),Average,No,No,No,Land (Nothing else but land),No,Yes
34969,"VI produced, but check other QA",Decreasing quality (0110),Average,No,No,No,Land (Nothing else but land),No,Yes
35029,"VI produced, but check other QA",Decreasing quality (0101),High,No,No,No,Land (Nothing else but land),No,Yes
35033,"VI produced, but check other QA",Decreasing quality (0110),High,No,No,No,Land (Nothing else but land),No,Yes
35034,"Pixel produced, but most probably cloudy",Decreasing quality (0110),High,No,No,No,Land (Nothing else but land),No,Yes
35037,"VI produced, but check other QA",Decreasing quality (0111),High,No,No,No,Land (Nothing else but land),No,Yes
35038,"Pixel produced, but most probably cloudy",Decreasing quality (0111),High,No,No,No,Land (Nothing else but land),No,Yes
35041,"VI produced, but check other QA",Decreasing quality (1000),High,No,No,No,Land (Nothing else but land),No,Yes
35042,"Pixel produced, but most probably cloudy",Decreasing quality (1000),High,No,No,No,Land (Nothing else but land),No,Yes
35093,"VI produced, but check other QA",Decreasing quality (0101),Climatology,Yes,No,No,Land (Nothing else but land),No,Yes
35094,"Pixel produced, but most probably cloudy",Decreasing quality (0101),Climatology,Yes,No,No,Land (Nothing else but land),No,Yes
35097,"VI produced, but check other QA",Decreasing quality (0110),Climatology,Yes,No,No,Land (Nothing else but land),No,Yes
35098,"Pixel produced, but most probably cloudy",Decreasing quality (0110),Climatology,Yes,No,No,Land (Nothing else but land),No,Yes
35101,"VI produced, but check other QA",Decreasing quality (0111),Climatology,Yes,No,No,Land (Nothing else but land),No,Yes
35102,"Pixel produced, but most probably cloudy",Decreasing quality (0111),Climatology,Yes,No,No,Land (Nothing else but land),No,Yes
35148,VI produced with good quality,Decreasing quality (0011),Low,Yes,No,No,Land (Nothing else but land),No,Yes
35152,VI produced with good quality,Decreasing quality (0100),Low,Yes,No,No,Land (Nothing else but land),No,Yes
35156,VI produced with good quality,Decreasing quality (0101),Low,Yes,No,No,Land (Nothing else but land),No,Yes
35217,"VI produced, but check other QA",Decreasing quality (0100),Average,Yes,No,No,Land (Nothing else but land),No,Yes
35218,"Pixel produced, but most probably cloudy",Decreasing quality (0100),Average,Yes,No,No,Land (Nothing else but land),No,Yes
35221,"VI produced, but check other QA",Decreasing quality (0101),Average,Yes,No,No,Land (Nothing else but land),No,Yes
35225,"VI produced, but check other QA",Decreasing quality (0110),Average,Yes,No,No,Land (Nothing else but land),No,Yes
35226,"Pixel produced, but most probably cloudy",Decreasing quality (0110),Average,Yes,No,No,Land (Nothing else but land),No,Yes
35229,"VI produced, but check other QA",Decreasing quality (0111),Average,Yes,No,No,Land (Nothing else but land),No,Yes
35289,"VI produced, but check other QA",Decreasing quality (0110),High,Yes,No,No,Land (Nothing else but land),No,Yes
35290,"Pixel produced, but most probably cloudy",Decreasing quality (0110),High,Yes,No,No,Land (Nothing else but land),No,Yes
35293,"VI produced, but check other QA",Decreasing quality (0111),High,Yes,No,No,Land (Nothing else but land),No,Yes
35294,"Pixel produced, but most probably cloudy",Decreasing quality (0111),High,Yes,No,No,Land (Nothing else but land),No,Yes
35297,"VI produced, but check other QA",Decreasing quality (1000),High,Yes,No,No,Land (Nothing else but land),No,Yes
35298,"Pixel produced, but most probably cloudy",Decreasing quality (1000),High,Yes,No,No,Land (Nothing else but land),No,Yes
35301,"VI produced, but check other QA",Decreasing quality (1001),High,Yes,No,No,Land (Nothing else but land),No,Yes
35302,"Pixel produced, but most probably cloudy",Decreasing quality (1001),High,Yes,No,No,Land (Nothing else but land),No,Yes
35874,"Pixel produced, but most probably cloudy",Decreasing quality (1000),Climatology,No,No,Yes,Land (Nothing else but land),No,Yes
35938,"Pixel produced, but most probably cloudy",Decreasing quality (1000),Low,No,No,Yes,Land (Nothing else but land),No,Yes
35994,"Pixel produced, but most probably cloudy",Decreasing quality (0110),Average,No,No,Yes,Land (Nothing else but land),No,Yes
35998,"Pixel produced, but most probably cloudy",Decreasing quality (0111),Average,No,No,Yes,Land (Nothing else but land),No,Yes
36066,"Pixel produced, but most probably cloudy",Decreasing quality (1000),High,No,No,Yes,Land (Nothing else but land),No,Yes
36070,"Pixel produced, but most probably cloudy",Decreasing quality (1001),High,No,No,Yes,Land (Nothing else but land),No,Yes
36074,"Pixel produced, but most probably cloudy",Decreasing quality (1010),High,No,No,Yes,Land (Nothing else but land),No,Yes
36078,"Pixel produced, but most probably cloudy",Decreasing quality (1011),High,No,No,Yes,Land (Nothing else but land),No,Yes
36134,"Pixel produced, but most probably cloudy",Decreasing quality (1001),Climatology,Yes,No,Yes,Land (Nothing else but land),No,Yes
36138,"Pixel produced, but most probably cloudy",Decreasing quality (1010),Climatology,Yes,No,Yes,Land (Nothing else but land),No,Yes
36142,"Pixel produced, but most probably cloudy",Decreasing quality (1011),Climatology,Yes,No,Yes,Land (Nothing else but land),No,Yes
36194,"Pixel produced, but most probably cloudy",Decreasing quality (1000),Low,Yes,No,Yes,Land (Nothing else but land),No,Yes
36198,"Pixel produced, but most probably cloudy",Decreasing quality (1001),Low,Yes,No,Yes,Land (Nothing else but land),No,Yes
36254,"Pixel produced, but most probably cloudy",Decreasing quality (0111),Average,Yes,No,Yes,Land (Nothing else but land),No,Yes
36258,"Pixel produced, but most probably cloudy",Decreasing quality (1000),Average,Yes,No,Yes,Land (Nothing else but land),No,Yes
36262,"Pixel produced, but most probably cloudy",Decreasing quality (1001),Average,Yes,No,Yes,Land (Nothing else but land),No,Yes
36266,"Pixel produced, but most probably cloudy",Decreasing quality (1010),Average,Yes,No,Yes,Land (Nothing else but land),No,Yes
36326,"Pixel produced, but most probably cloudy",Decreasing quality (1001),High,Yes,No,Yes,Land (Nothing else but land),No,Yes
36330,"Pixel produced, but most probably cloudy",Decreasing quality (1010),High,Yes,No,Yes,Land (Nothing else but land),No,Yes
36334,"Pixel produced, but most probably cloudy",Decreasing quality (1011),High,Yes,No,Yes,Land (Nothing else but land),No,Yes
36338,"Pixel produced, but most probably cloudy",Lowest quality,High,Yes,No,Yes,Land (Nothing else but land),No,Yes
37085,"VI produced, but check other QA",Decreasing quality (0111),High,No,No,No,Ocean coastlines and lake shorelines,No,Yes
37145,"VI produced, but check other QA",Decreasing quality (0110),Climatology,Yes,No,No,Ocean coastlines and lake shorelines,No,Yes
37149,"VI produced, but check other QA",Decreasing quality (0111),Climatology,Yes,No,No,Ocean coastlines and lake shorelines,No,Yes
37150,"Pixel produced, but most probably cloudy",Decreasing quality (0111),Climatology,Yes,No,No,Ocean coastlines and lake shorelines,No,Yes
51225,"VI produced, but check other QA",Decreasing quality (0110),Climatology,No,No,No,Land (Nothing else but land),Yes,Yes
51229,"VI produced, but check other QA",Decreasing quality (0111),Climatology,No,No,No,Land (Nothing else but land),Yes,Yes
51481,"VI produced, but check other QA",Decreasing quality (0110),Climatology,Yes,No,No,Land (Nothing else but land),Yes,Yes
51485,"VI produced, but check other QA",Decreasing quality (0111),Climatology,Yes,No,No,Land (Nothing else but land),Yes,Yes
51489,"VI produced, but check other QA",Decreasing quality (1000),Climatology,Yes,No,No,Land (Nothing else but land),Yes,Yes
51493,"VI produced, but check other QA",Decreasing quality (1001),Climatology,Yes,No,No,Land (Nothing else but land),Yes,Yes
51681,"VI produced, but check other QA",Decreasing quality (1000),High,Yes,No,No,Land (Nothing else but land),Yes,Yes
53277,"VI produced, but check other QA",Decreasing quality (0111),Climatology,No,No,No,Ocean coastlines and lake shorelines,Yes,Yes
53281,"VI produced, but check other QA",Decreasing quality (1000),Climatology,No,No,No,Ocean coastlines and lake shorelines,Yes,Yes
