{"error": null, "params": {"geo": {"type": "FeatureCollection", "features": [{"type": "Feature", "geometry": {"type": "Polygon", "coordinates": [[[-77.13843, 38.779089], [-77.13843, 39.003183], [-76.885058, 39.003183], [-76.885058, 38.779089], [-77.13843, 38.779089]]]}, "properties": {}}], "fileName": "User-Drawn-Polygon"}, "dates": [{"endDate": "06-01", "recurring": true, "startDate": "01-01", "yearRange": [1950, 2040]}], "layers": [{"layer": "_500m_16_days_EVI", "product": "MOD13A1.006"}, {"layer": "_500m_16_days_NDVI", "product": "MOD13A1.006"}, {"layer": "_500m_16_days_VI_Quality", "product": "MOD13A1.006"}], "output": {"format": {"type": "geotiff"}, "projection": "geographic"}}, "status": "processing", "created": "2022-02-12T17:00:29.553056", "task_id": "febb2bc1-7bbc-4be1-aaae-604272d5c741", "updated": "2022-02-12T17:01:13.381155", "user_id": "wpattie@comcast.net", "estimate": {"request_size": 9116289.390242526}, "retry_at": null, "has_swath": false, "task_name": "DC", "task_type": "area", "api_version": null, "svc_version": "2.70", "web_version": "2.70", "size_category": "0", "has_nsidc_daac": false, "expires_on": "2022-03-14T17:01:13.381155", "attempts": 1}
