Value,MODLAND,VI Usefulness,Aerosol Quantity,Adjacent cloud detected,Atmosphere BRDF Correction,Mixed Clouds,Land/Water Mask,Possible snow/ice,Possible shadow
2057,"VI produced, but check other QA",Decreasing quality (0010),Climatology,No,No,No,Land (Nothing else but land),No,No
2058,"Pixel produced, but most probably cloudy",Decreasing quality (0010),Climatology,No,No,No,Land (Nothing else but land),No,No
2061,"VI produced, but check other QA",Decreasing quality (0011),Climatology,No,No,No,Land (Nothing else but land),No,No
2062,"Pixel produced, but most probably cloudy",Decreasing quality (0011),Climatology,No,No,No,Land (Nothing else but land),No,No
2065,"VI produced, but check other QA",Decreasing quality (0100),Climatology,No,No,No,Land (Nothing else but land),No,No
2066,"Pixel produced, but most probably cloudy",Decreasing quality (0100),Climatology,No,No,No,Land (Nothing else but land),No,No
2069,"VI produced, but check other QA",Decreasing quality (0101),Climatology,No,No,No,Land (Nothing else but land),No,No
2070,"Pixel produced, but most probably cloudy",Decreasing quality (0101),Climatology,No,No,No,Land (Nothing else but land),No,No
2109,"VI produced, but check other QA",Not useful for any other reason/not processed,Climatology,No,No,No,Land (Nothing else but land),No,No
2110,"Pixel produced, but most probably cloudy",Not useful for any other reason/not processed,Climatology,No,No,No,Land (Nothing else but land),No,No
2112,VI produced with good quality,Highest quality,Low,No,No,No,Land (Nothing else but land),No,No
2114,"Pixel produced, but most probably cloudy",Highest quality,Low,No,No,No,Land (Nothing else but land),No,No
2116,VI produced with good quality,Lower quality,Low,No,No,No,Land (Nothing else but land),No,No
2118,"Pixel produced, but most probably cloudy",Lower quality,Low,No,No,No,Land (Nothing else but land),No,No
2120,VI produced with good quality,Decreasing quality (0010),Low,No,No,No,Land (Nothing else but land),No,No
2122,"Pixel produced, but most probably cloudy",Decreasing quality (0010),Low,No,No,No,Land (Nothing else but land),No,No
2124,VI produced with good quality,Decreasing quality (0011),Low,No,No,No,Land (Nothing else but land),No,No
2126,"Pixel produced, but most probably cloudy",Decreasing quality (0011),Low,No,No,No,Land (Nothing else but land),No,No
2172,VI produced with good quality,Not useful for any other reason/not processed,Low,No,No,No,Land (Nothing else but land),No,No
2181,"VI produced, but check other QA",Lower quality,Average,No,No,No,Land (Nothing else but land),No,No
2182,"Pixel produced, but most probably cloudy",Lower quality,Average,No,No,No,Land (Nothing else but land),No,No
2185,"VI produced, but check other QA",Decreasing quality (0010),Average,No,No,No,Land (Nothing else but land),No,No
2186,"Pixel produced, but most probably cloudy",Decreasing quality (0010),Average,No,No,No,Land (Nothing else but land),No,No
2189,"VI produced, but check other QA",Decreasing quality (0011),Average,No,No,No,Land (Nothing else but land),No,No
2190,"Pixel produced, but most probably cloudy",Decreasing quality (0011),Average,No,No,No,Land (Nothing else but land),No,No
2193,"VI produced, but check other QA",Decreasing quality (0100),Average,No,No,No,Land (Nothing else but land),No,No
2194,"Pixel produced, but most probably cloudy",Decreasing quality (0100),Average,No,No,No,Land (Nothing else but land),No,No
2237,"VI produced, but check other QA",Not useful for any other reason/not processed,Average,No,No,No,Land (Nothing else but land),No,No
2253,"VI produced, but check other QA",Decreasing quality (0011),High,No,No,No,Land (Nothing else but land),No,No
2254,"Pixel produced, but most probably cloudy",Decreasing quality (0011),High,No,No,No,Land (Nothing else but land),No,No
2257,"VI produced, but check other QA",Decreasing quality (0100),High,No,No,No,Land (Nothing else but land),No,No
2258,"Pixel produced, but most probably cloudy",Decreasing quality (0100),High,No,No,No,Land (Nothing else but land),No,No
2261,"VI produced, but check other QA",Decreasing quality (0101),High,No,No,No,Land (Nothing else but land),No,No
2265,"VI produced, but check other QA",Decreasing quality (0110),High,No,No,No,Land (Nothing else but land),No,No
2266,"Pixel produced, but most probably cloudy",Decreasing quality (0110),High,No,No,No,Land (Nothing else but land),No,No
2317,"VI produced, but check other QA",Decreasing quality (0011),Climatology,Yes,No,No,Land (Nothing else but land),No,No
2318,"Pixel produced, but most probably cloudy",Decreasing quality (0011),Climatology,Yes,No,No,Land (Nothing else but land),No,No
2321,"VI produced, but check other QA",Decreasing quality (0100),Climatology,Yes,No,No,Land (Nothing else but land),No,No
2325,"VI produced, but check other QA",Decreasing quality (0101),Climatology,Yes,No,No,Land (Nothing else but land),No,No
2326,"Pixel produced, but most probably cloudy",Decreasing quality (0101),Climatology,Yes,No,No,Land (Nothing else but land),No,No
2329,"VI produced, but check other QA",Decreasing quality (0110),Climatology,Yes,No,No,Land (Nothing else but land),No,No
2330,"Pixel produced, but most probably cloudy",Decreasing quality (0110),Climatology,Yes,No,No,Land (Nothing else but land),No,No
2372,VI produced with good quality,Lower quality,Low,Yes,No,No,Land (Nothing else but land),No,No
2376,VI produced with good quality,Decreasing quality (0010),Low,Yes,No,No,Land (Nothing else but land),No,No
2380,VI produced with good quality,Decreasing quality (0011),Low,Yes,No,No,Land (Nothing else but land),No,No
2382,"Pixel produced, but most probably cloudy",Decreasing quality (0011),Low,Yes,No,No,Land (Nothing else but land),No,No
2384,VI produced with good quality,Decreasing quality (0100),Low,Yes,No,No,Land (Nothing else but land),No,No
2428,VI produced with good quality,Not useful for any other reason/not processed,Low,Yes,No,No,Land (Nothing else but land),No,No
2441,"VI produced, but check other QA",Decreasing quality (0010),Average,Yes,No,No,Land (Nothing else but land),No,No
2442,"Pixel produced, but most probably cloudy",Decreasing quality (0010),Average,Yes,No,No,Land (Nothing else but land),No,No
2445,"VI produced, but check other QA",Decreasing quality (0011),Average,Yes,No,No,Land (Nothing else but land),No,No
2446,"Pixel produced, but most probably cloudy",Decreasing quality (0011),Average,Yes,No,No,Land (Nothing else but land),No,No
2449,"VI produced, but check other QA",Decreasing quality (0100),Average,Yes,No,No,Land (Nothing else but land),No,No
2450,"Pixel produced, but most probably cloudy",Decreasing quality (0100),Average,Yes,No,No,Land (Nothing else but land),No,No
2453,"VI produced, but check other QA",Decreasing quality (0101),Average,Yes,No,No,Land (Nothing else but land),No,No
2454,"Pixel produced, but most probably cloudy",Decreasing quality (0101),Average,Yes,No,No,Land (Nothing else but land),No,No
2493,"VI produced, but check other QA",Not useful for any other reason/not processed,Average,Yes,No,No,Land (Nothing else but land),No,No
2513,"VI produced, but check other QA",Decreasing quality (0100),High,Yes,No,No,Land (Nothing else but land),No,No
2514,"Pixel produced, but most probably cloudy",Decreasing quality (0100),High,Yes,No,No,Land (Nothing else but land),No,No
2517,"VI produced, but check other QA",Decreasing quality (0101),High,Yes,No,No,Land (Nothing else but land),No,No
2518,"Pixel produced, but most probably cloudy",Decreasing quality (0101),High,Yes,No,No,Land (Nothing else but land),No,No
2521,"VI produced, but check other QA",Decreasing quality (0110),High,Yes,No,No,Land (Nothing else but land),No,No
2522,"Pixel produced, but most probably cloudy",Decreasing quality (0110),High,Yes,No,No,Land (Nothing else but land),No,No
2525,"VI produced, but check other QA",Decreasing quality (0111),High,Yes,No,No,Land (Nothing else but land),No,No
3094,"Pixel produced, but most probably cloudy",Decreasing quality (0101),Climatology,No,No,Yes,Land (Nothing else but land),No,No
3098,"Pixel produced, but most probably cloudy",Decreasing quality (0110),Climatology,No,No,Yes,Land (Nothing else but land),No,No
3102,"Pixel produced, but most probably cloudy",Decreasing quality (0111),Climatology,No,No,Yes,Land (Nothing else but land),No,No
3106,"Pixel produced, but most probably cloudy",Decreasing quality (1000),Climatology,No,No,Yes,Land (Nothing else but land),No,No
3150,"Pixel produced, but most probably cloudy",Decreasing quality (0011),Low,No,No,Yes,Land (Nothing else but land),No,No
3154,"Pixel produced, but most probably cloudy",Decreasing quality (0100),Low,No,No,Yes,Land (Nothing else but land),No,No
3158,"Pixel produced, but most probably cloudy",Decreasing quality (0101),Low,No,No,Yes,Land (Nothing else but land),No,No
3162,"Pixel produced, but most probably cloudy",Decreasing quality (0110),Low,No,No,Yes,Land (Nothing else but land),No,No
3198,"Pixel produced, but most probably cloudy",Not useful for any other reason/not processed,Low,No,No,Yes,Land (Nothing else but land),No,No
3218,"Pixel produced, but most probably cloudy",Decreasing quality (0100),Average,No,No,Yes,Land (Nothing else but land),No,No
3222,"Pixel produced, but most probably cloudy",Decreasing quality (0101),Average,No,No,Yes,Land (Nothing else but land),No,No
3226,"Pixel produced, but most probably cloudy",Decreasing quality (0110),Average,No,No,Yes,Land (Nothing else but land),No,No
3230,"Pixel produced, but most probably cloudy",Decreasing quality (0111),Average,No,No,Yes,Land (Nothing else but land),No,No
3290,"Pixel produced, but most probably cloudy",Decreasing quality (0110),High,No,No,Yes,Land (Nothing else but land),No,No
3294,"Pixel produced, but most probably cloudy",Decreasing quality (0111),High,No,No,Yes,Land (Nothing else but land),No,No
3298,"Pixel produced, but most probably cloudy",Decreasing quality (1000),High,No,No,Yes,Land (Nothing else but land),No,No
3354,"Pixel produced, but most probably cloudy",Decreasing quality (0110),Climatology,Yes,No,Yes,Land (Nothing else but land),No,No
3358,"Pixel produced, but most probably cloudy",Decreasing quality (0111),Climatology,Yes,No,Yes,Land (Nothing else but land),No,No
3362,"Pixel produced, but most probably cloudy",Decreasing quality (1000),Climatology,Yes,No,Yes,Land (Nothing else but land),No,No
3366,"Pixel produced, but most probably cloudy",Decreasing quality (1001),Climatology,Yes,No,Yes,Land (Nothing else but land),No,No
3410,"Pixel produced, but most probably cloudy",Decreasing quality (0100),Low,Yes,No,Yes,Land (Nothing else but land),No,No
3414,"Pixel produced, but most probably cloudy",Decreasing quality (0101),Low,Yes,No,Yes,Land (Nothing else but land),No,No
3418,"Pixel produced, but most probably cloudy",Decreasing quality (0110),Low,Yes,No,Yes,Land (Nothing else but land),No,No
3478,"Pixel produced, but most probably cloudy",Decreasing quality (0101),Average,Yes,No,Yes,Land (Nothing else but land),No,No
3482,"Pixel produced, but most probably cloudy",Decreasing quality (0110),Average,Yes,No,Yes,Land (Nothing else but land),No,No
3486,"Pixel produced, but most probably cloudy",Decreasing quality (0111),Average,Yes,No,Yes,Land (Nothing else but land),No,No
3490,"Pixel produced, but most probably cloudy",Decreasing quality (1000),Average,Yes,No,Yes,Land (Nothing else but land),No,No
3550,"Pixel produced, but most probably cloudy",Decreasing quality (0111),High,Yes,No,Yes,Land (Nothing else but land),No,No
3554,"Pixel produced, but most probably cloudy",Decreasing quality (1000),High,Yes,No,Yes,Land (Nothing else but land),No,No
3558,"Pixel produced, but most probably cloudy",Decreasing quality (1001),High,Yes,No,Yes,Land (Nothing else but land),No,No
3562,"Pixel produced, but most probably cloudy",Decreasing quality (1010),High,Yes,No,Yes,Land (Nothing else but land),No,No
4105,"VI produced, but check other QA",Decreasing quality (0010),Climatology,No,No,No,Ocean coastlines and lake shorelines,No,No
4106,"Pixel produced, but most probably cloudy",Decreasing quality (0010),Climatology,No,No,No,Ocean coastlines and lake shorelines,No,No
4107,Pixel not produced due to other reasons than clouds,Decreasing quality (0010),Climatology,No,No,No,Ocean coastlines and lake shorelines,No,No
4109,"VI produced, but check other QA",Decreasing quality (0011),Climatology,No,No,No,Ocean coastlines and lake shorelines,No,No
4110,"Pixel produced, but most probably cloudy",Decreasing quality (0011),Climatology,No,No,No,Ocean coastlines and lake shorelines,No,No
4111,Pixel not produced due to other reasons than clouds,Decreasing quality (0011),Climatology,No,No,No,Ocean coastlines and lake shorelines,No,No
4113,"VI produced, but check other QA",Decreasing quality (0100),Climatology,No,No,No,Ocean coastlines and lake shorelines,No,No
4114,"Pixel produced, but most probably cloudy",Decreasing quality (0100),Climatology,No,No,No,Ocean coastlines and lake shorelines,No,No
4117,"VI produced, but check other QA",Decreasing quality (0101),Climatology,No,No,No,Ocean coastlines and lake shorelines,No,No
4118,"Pixel produced, but most probably cloudy",Decreasing quality (0101),Climatology,No,No,No,Ocean coastlines and lake shorelines,No,No
4157,"VI produced, but check other QA",Not useful for any other reason/not processed,Climatology,No,No,No,Ocean coastlines and lake shorelines,No,No
4158,"Pixel produced, but most probably cloudy",Not useful for any other reason/not processed,Climatology,No,No,No,Ocean coastlines and lake shorelines,No,No
4160,VI produced with good quality,Highest quality,Low,No,No,No,Ocean coastlines and lake shorelines,No,No
4163,Pixel not produced due to other reasons than clouds,Highest quality,Low,No,No,No,Ocean coastlines and lake shorelines,No,No
4164,VI produced with good quality,Lower quality,Low,No,No,No,Ocean coastlines and lake shorelines,No,No
4166,"Pixel produced, but most probably cloudy",Lower quality,Low,No,No,No,Ocean coastlines and lake shorelines,No,No
4167,Pixel not produced due to other reasons than clouds,Lower quality,Low,No,No,No,Ocean coastlines and lake shorelines,No,No
4168,VI produced with good quality,Decreasing quality (0010),Low,No,No,No,Ocean coastlines and lake shorelines,No,No
4170,"Pixel produced, but most probably cloudy",Decreasing quality (0010),Low,No,No,No,Ocean coastlines and lake shorelines,No,No
4171,Pixel not produced due to other reasons than clouds,Decreasing quality (0010),Low,No,No,No,Ocean coastlines and lake shorelines,No,No
4172,VI produced with good quality,Decreasing quality (0011),Low,No,No,No,Ocean coastlines and lake shorelines,No,No
4174,"Pixel produced, but most probably cloudy",Decreasing quality (0011),Low,No,No,No,Ocean coastlines and lake shorelines,No,No
4220,VI produced with good quality,Not useful for any other reason/not processed,Low,No,No,No,Ocean coastlines and lake shorelines,No,No
4223,Pixel not produced due to other reasons than clouds,Not useful for any other reason/not processed,Low,No,No,No,Ocean coastlines and lake shorelines,No,No
4229,"VI produced, but check other QA",Lower quality,Average,No,No,No,Ocean coastlines and lake shorelines,No,No
4230,"Pixel produced, but most probably cloudy",Lower quality,Average,No,No,No,Ocean coastlines and lake shorelines,No,No
4231,Pixel not produced due to other reasons than clouds,Lower quality,Average,No,No,No,Ocean coastlines and lake shorelines,No,No
4233,"VI produced, but check other QA",Decreasing quality (0010),Average,No,No,No,Ocean coastlines and lake shorelines,No,No
4234,"Pixel produced, but most probably cloudy",Decreasing quality (0010),Average,No,No,No,Ocean coastlines and lake shorelines,No,No
4235,Pixel not produced due to other reasons than clouds,Decreasing quality (0010),Average,No,No,No,Ocean coastlines and lake shorelines,No,No
4237,"VI produced, but check other QA",Decreasing quality (0011),Average,No,No,No,Ocean coastlines and lake shorelines,No,No
4238,"Pixel produced, but most probably cloudy",Decreasing quality (0011),Average,No,No,No,Ocean coastlines and lake shorelines,No,No
4241,"VI produced, but check other QA",Decreasing quality (0100),Average,No,No,No,Ocean coastlines and lake shorelines,No,No
4242,"Pixel produced, but most probably cloudy",Decreasing quality (0100),Average,No,No,No,Ocean coastlines and lake shorelines,No,No
4285,"VI produced, but check other QA",Not useful for any other reason/not processed,Average,No,No,No,Ocean coastlines and lake shorelines,No,No
4287,Pixel not produced due to other reasons than clouds,Not useful for any other reason/not processed,Average,No,No,No,Ocean coastlines and lake shorelines,No,No
4301,"VI produced, but check other QA",Decreasing quality (0011),High,No,No,No,Ocean coastlines and lake shorelines,No,No
4305,"VI produced, but check other QA",Decreasing quality (0100),High,No,No,No,Ocean coastlines and lake shorelines,No,No
4307,Pixel not produced due to other reasons than clouds,Decreasing quality (0100),High,No,No,No,Ocean coastlines and lake shorelines,No,No
4309,"VI produced, but check other QA",Decreasing quality (0101),High,No,No,No,Ocean coastlines and lake shorelines,No,No
4310,"Pixel produced, but most probably cloudy",Decreasing quality (0101),High,No,No,No,Ocean coastlines and lake shorelines,No,No
4313,"VI produced, but check other QA",Decreasing quality (0110),High,No,No,No,Ocean coastlines and lake shorelines,No,No
4314,"Pixel produced, but most probably cloudy",Decreasing quality (0110),High,No,No,No,Ocean coastlines and lake shorelines,No,No
4349,"VI produced, but check other QA",Not useful for any other reason/not processed,High,No,No,No,Ocean coastlines and lake shorelines,No,No
4365,"VI produced, but check other QA",Decreasing quality (0011),Climatology,Yes,No,No,Ocean coastlines and lake shorelines,No,No
4366,"Pixel produced, but most probably cloudy",Decreasing quality (0011),Climatology,Yes,No,No,Ocean coastlines and lake shorelines,No,No
4367,Pixel not produced due to other reasons than clouds,Decreasing quality (0011),Climatology,Yes,No,No,Ocean coastlines and lake shorelines,No,No
4369,"VI produced, but check other QA",Decreasing quality (0100),Climatology,Yes,No,No,Ocean coastlines and lake shorelines,No,No
4370,"Pixel produced, but most probably cloudy",Decreasing quality (0100),Climatology,Yes,No,No,Ocean coastlines and lake shorelines,No,No
4371,Pixel not produced due to other reasons than clouds,Decreasing quality (0100),Climatology,Yes,No,No,Ocean coastlines and lake shorelines,No,No
4373,"VI produced, but check other QA",Decreasing quality (0101),Climatology,Yes,No,No,Ocean coastlines and lake shorelines,No,No
4374,"Pixel produced, but most probably cloudy",Decreasing quality (0101),Climatology,Yes,No,No,Ocean coastlines and lake shorelines,No,No
4377,"VI produced, but check other QA",Decreasing quality (0110),Climatology,Yes,No,No,Ocean coastlines and lake shorelines,No,No
4378,"Pixel produced, but most probably cloudy",Decreasing quality (0110),Climatology,Yes,No,No,Ocean coastlines and lake shorelines,No,No
4413,"VI produced, but check other QA",Not useful for any other reason/not processed,Climatology,Yes,No,No,Ocean coastlines and lake shorelines,No,No
4415,Pixel not produced due to other reasons than clouds,Not useful for any other reason/not processed,Climatology,Yes,No,No,Ocean coastlines and lake shorelines,No,No
5142,"Pixel produced, but most probably cloudy",Decreasing quality (0101),Climatology,No,No,Yes,Ocean coastlines and lake shorelines,No,No
5146,"Pixel produced, but most probably cloudy",Decreasing quality (0110),Climatology,No,No,Yes,Ocean coastlines and lake shorelines,No,No
5147,Pixel not produced due to other reasons than clouds,Decreasing quality (0110),Climatology,No,No,Yes,Ocean coastlines and lake shorelines,No,No
5150,"Pixel produced, but most probably cloudy",Decreasing quality (0111),Climatology,No,No,Yes,Ocean coastlines and lake shorelines,No,No
5154,"Pixel produced, but most probably cloudy",Decreasing quality (1000),Climatology,No,No,Yes,Ocean coastlines and lake shorelines,No,No
5198,"Pixel produced, but most probably cloudy",Decreasing quality (0011),Low,No,No,Yes,Ocean coastlines and lake shorelines,No,No
5199,Pixel not produced due to other reasons than clouds,Decreasing quality (0011),Low,No,No,Yes,Ocean coastlines and lake shorelines,No,No
5202,"Pixel produced, but most probably cloudy",Decreasing quality (0100),Low,No,No,Yes,Ocean coastlines and lake shorelines,No,No
5203,Pixel not produced due to other reasons than clouds,Decreasing quality (0100),Low,No,No,Yes,Ocean coastlines and lake shorelines,No,No
5206,"Pixel produced, but most probably cloudy",Decreasing quality (0101),Low,No,No,Yes,Ocean coastlines and lake shorelines,No,No
5210,"Pixel produced, but most probably cloudy",Decreasing quality (0110),Low,No,No,Yes,Ocean coastlines and lake shorelines,No,No
5247,Pixel not produced due to other reasons than clouds,Not useful for any other reason/not processed,Low,No,No,Yes,Ocean coastlines and lake shorelines,No,No
5266,"Pixel produced, but most probably cloudy",Decreasing quality (0100),Average,No,No,Yes,Ocean coastlines and lake shorelines,No,No
5270,"Pixel produced, but most probably cloudy",Decreasing quality (0101),Average,No,No,Yes,Ocean coastlines and lake shorelines,No,No
5274,"Pixel produced, but most probably cloudy",Decreasing quality (0110),Average,No,No,Yes,Ocean coastlines and lake shorelines,No,No
5275,Pixel not produced due to other reasons than clouds,Decreasing quality (0110),Average,No,No,Yes,Ocean coastlines and lake shorelines,No,No
5278,"Pixel produced, but most probably cloudy",Decreasing quality (0111),Average,No,No,Yes,Ocean coastlines and lake shorelines,No,No
5338,"Pixel produced, but most probably cloudy",Decreasing quality (0110),High,No,No,Yes,Ocean coastlines and lake shorelines,No,No
5342,"Pixel produced, but most probably cloudy",Decreasing quality (0111),High,No,No,Yes,Ocean coastlines and lake shorelines,No,No
5346,"Pixel produced, but most probably cloudy",Decreasing quality (1000),High,No,No,Yes,Ocean coastlines and lake shorelines,No,No
5350,"Pixel produced, but most probably cloudy",Decreasing quality (1001),High,No,No,Yes,Ocean coastlines and lake shorelines,No,No
5402,"Pixel produced, but most probably cloudy",Decreasing quality (0110),Climatology,Yes,No,Yes,Ocean coastlines and lake shorelines,No,No
5406,"Pixel produced, but most probably cloudy",Decreasing quality (0111),Climatology,Yes,No,Yes,Ocean coastlines and lake shorelines,No,No
5410,"Pixel produced, but most probably cloudy",Decreasing quality (1000),Climatology,Yes,No,Yes,Ocean coastlines and lake shorelines,No,No
5414,"Pixel produced, but most probably cloudy",Decreasing quality (1001),Climatology,Yes,No,Yes,Ocean coastlines and lake shorelines,No,No
6153,"VI produced, but check other QA",Decreasing quality (0010),Climatology,No,No,No,Shallow inland water,No,No
6154,"Pixel produced, but most probably cloudy",Decreasing quality (0010),Climatology,No,No,No,Shallow inland water,No,No
6155,Pixel not produced due to other reasons than clouds,Decreasing quality (0010),Climatology,No,No,No,Shallow inland water,No,No
6157,"VI produced, but check other QA",Decreasing quality (0011),Climatology,No,No,No,Shallow inland water,No,No
6158,"Pixel produced, but most probably cloudy",Decreasing quality (0011),Climatology,No,No,No,Shallow inland water,No,No
6159,Pixel not produced due to other reasons than clouds,Decreasing quality (0011),Climatology,No,No,No,Shallow inland water,No,No
6161,"VI produced, but check other QA",Decreasing quality (0100),Climatology,No,No,No,Shallow inland water,No,No
6162,"Pixel produced, but most probably cloudy",Decreasing quality (0100),Climatology,No,No,No,Shallow inland water,No,No
6163,Pixel not produced due to other reasons than clouds,Decreasing quality (0100),Climatology,No,No,No,Shallow inland water,No,No
6166,"Pixel produced, but most probably cloudy",Decreasing quality (0101),Climatology,No,No,No,Shallow inland water,No,No
6207,Pixel not produced due to other reasons than clouds,Not useful for any other reason/not processed,Climatology,No,No,No,Shallow inland water,No,No
6208,VI produced with good quality,Highest quality,Low,No,No,No,Shallow inland water,No,No
6211,Pixel not produced due to other reasons than clouds,Highest quality,Low,No,No,No,Shallow inland water,No,No
6212,VI produced with good quality,Lower quality,Low,No,No,No,Shallow inland water,No,No
6214,"Pixel produced, but most probably cloudy",Lower quality,Low,No,No,No,Shallow inland water,No,No
6215,Pixel not produced due to other reasons than clouds,Lower quality,Low,No,No,No,Shallow inland water,No,No
6216,VI produced with good quality,Decreasing quality (0010),Low,No,No,No,Shallow inland water,No,No
6218,"Pixel produced, but most probably cloudy",Decreasing quality (0010),Low,No,No,No,Shallow inland water,No,No
6220,VI produced with good quality,Decreasing quality (0011),Low,No,No,No,Shallow inland water,No,No
6222,"Pixel produced, but most probably cloudy",Decreasing quality (0011),Low,No,No,No,Shallow inland water,No,No
6268,VI produced with good quality,Not useful for any other reason/not processed,Low,No,No,No,Shallow inland water,No,No
6271,Pixel not produced due to other reasons than clouds,Not useful for any other reason/not processed,Low,No,No,No,Shallow inland water,No,No
6277,"VI produced, but check other QA",Lower quality,Average,No,No,No,Shallow inland water,No,No
6281,"VI produced, but check other QA",Decreasing quality (0010),Average,No,No,No,Shallow inland water,No,No
6285,"VI produced, but check other QA",Decreasing quality (0011),Average,No,No,No,Shallow inland water,No,No
6287,Pixel not produced due to other reasons than clouds,Decreasing quality (0011),Average,No,No,No,Shallow inland water,No,No
6289,"VI produced, but check other QA",Decreasing quality (0100),Average,No,No,No,Shallow inland water,No,No
6290,"Pixel produced, but most probably cloudy",Decreasing quality (0100),Average,No,No,No,Shallow inland water,No,No
6333,"VI produced, but check other QA",Not useful for any other reason/not processed,Average,No,No,No,Shallow inland water,No,No
6349,"VI produced, but check other QA",Decreasing quality (0011),High,No,No,No,Shallow inland water,No,No
6353,"VI produced, but check other QA",Decreasing quality (0100),High,No,No,No,Shallow inland water,No,No
6357,"VI produced, but check other QA",Decreasing quality (0101),High,No,No,No,Shallow inland water,No,No
6358,"Pixel produced, but most probably cloudy",Decreasing quality (0101),High,No,No,No,Shallow inland water,No,No
6361,"VI produced, but check other QA",Decreasing quality (0110),High,No,No,No,Shallow inland water,No,No
6413,"VI produced, but check other QA",Decreasing quality (0011),Climatology,Yes,No,No,Shallow inland water,No,No
6415,Pixel not produced due to other reasons than clouds,Decreasing quality (0011),Climatology,Yes,No,No,Shallow inland water,No,No
6417,"VI produced, but check other QA",Decreasing quality (0100),Climatology,Yes,No,No,Shallow inland water,No,No
6418,"Pixel produced, but most probably cloudy",Decreasing quality (0100),Climatology,Yes,No,No,Shallow inland water,No,No
6419,Pixel not produced due to other reasons than clouds,Decreasing quality (0100),Climatology,Yes,No,No,Shallow inland water,No,No
6421,"VI produced, but check other QA",Decreasing quality (0101),Climatology,Yes,No,No,Shallow inland water,No,No
6422,"Pixel produced, but most probably cloudy",Decreasing quality (0101),Climatology,Yes,No,No,Shallow inland water,No,No
6423,Pixel not produced due to other reasons than clouds,Decreasing quality (0101),Climatology,Yes,No,No,Shallow inland water,No,No
6425,"VI produced, but check other QA",Decreasing quality (0110),Climatology,Yes,No,No,Shallow inland water,No,No
6426,"Pixel produced, but most probably cloudy",Decreasing quality (0110),Climatology,Yes,No,No,Shallow inland water,No,No
6463,Pixel not produced due to other reasons than clouds,Not useful for any other reason/not processed,Climatology,Yes,No,No,Shallow inland water,No,No
7190,"Pixel produced, but most probably cloudy",Decreasing quality (0101),Climatology,No,No,Yes,Shallow inland water,No,No
7191,Pixel not produced due to other reasons than clouds,Decreasing quality (0101),Climatology,No,No,Yes,Shallow inland water,No,No
7194,"Pixel produced, but most probably cloudy",Decreasing quality (0110),Climatology,No,No,Yes,Shallow inland water,No,No
7195,Pixel not produced due to other reasons than clouds,Decreasing quality (0110),Climatology,No,No,Yes,Shallow inland water,No,No
7198,"Pixel produced, but most probably cloudy",Decreasing quality (0111),Climatology,No,No,Yes,Shallow inland water,No,No
7202,"Pixel produced, but most probably cloudy",Decreasing quality (1000),Climatology,No,No,Yes,Shallow inland water,No,No
7231,Pixel not produced due to other reasons than clouds,Not useful for any other reason/not processed,Climatology,No,No,Yes,Shallow inland water,No,No
7246,"Pixel produced, but most probably cloudy",Decreasing quality (0011),Low,No,No,Yes,Shallow inland water,No,No
7250,"Pixel produced, but most probably cloudy",Decreasing quality (0100),Low,No,No,Yes,Shallow inland water,No,No
7251,Pixel not produced due to other reasons than clouds,Decreasing quality (0100),Low,No,No,Yes,Shallow inland water,No,No
7254,"Pixel produced, but most probably cloudy",Decreasing quality (0101),Low,No,No,Yes,Shallow inland water,No,No
7258,"Pixel produced, but most probably cloudy",Decreasing quality (0110),Low,No,No,Yes,Shallow inland water,No,No
7295,Pixel not produced due to other reasons than clouds,Not useful for any other reason/not processed,Low,No,No,Yes,Shallow inland water,No,No
7314,"Pixel produced, but most probably cloudy",Decreasing quality (0100),Average,No,No,Yes,Shallow inland water,No,No
7318,"Pixel produced, but most probably cloudy",Decreasing quality (0101),Average,No,No,Yes,Shallow inland water,No,No
7322,"Pixel produced, but most probably cloudy",Decreasing quality (0110),Average,No,No,Yes,Shallow inland water,No,No
7326,"Pixel produced, but most probably cloudy",Decreasing quality (0111),Average,No,No,Yes,Shallow inland water,No,No
7359,Pixel not produced due to other reasons than clouds,Not useful for any other reason/not processed,Average,No,No,Yes,Shallow inland water,No,No
7450,"Pixel produced, but most probably cloudy",Decreasing quality (0110),Climatology,Yes,No,Yes,Shallow inland water,No,No
7451,Pixel not produced due to other reasons than clouds,Decreasing quality (0110),Climatology,Yes,No,Yes,Shallow inland water,No,No
7454,"Pixel produced, but most probably cloudy",Decreasing quality (0111),Climatology,Yes,No,Yes,Shallow inland water,No,No
7455,Pixel not produced due to other reasons than clouds,Decreasing quality (0111),Climatology,Yes,No,Yes,Shallow inland water,No,No
7458,"Pixel produced, but most probably cloudy",Decreasing quality (1000),Climatology,Yes,No,Yes,Shallow inland water,No,No
7487,Pixel not produced due to other reasons than clouds,Not useful for any other reason/not processed,Climatology,Yes,No,Yes,Shallow inland water,No,No
18445,"VI produced, but check other QA",Decreasing quality (0011),Climatology,No,No,No,Land (Nothing else but land),Yes,No
18449,"VI produced, but check other QA",Decreasing quality (0100),Climatology,No,No,No,Land (Nothing else but land),Yes,No
18450,"Pixel produced, but most probably cloudy",Decreasing quality (0100),Climatology,No,No,No,Land (Nothing else but land),Yes,No
18453,"VI produced, but check other QA",Decreasing quality (0101),Climatology,No,No,No,Land (Nothing else but land),Yes,No
18457,"VI produced, but check other QA",Decreasing quality (0110),Climatology,No,No,No,Land (Nothing else but land),Yes,No
18705,"VI produced, but check other QA",Decreasing quality (0100),Climatology,Yes,No,No,Land (Nothing else but land),Yes,No
18709,"VI produced, but check other QA",Decreasing quality (0101),Climatology,Yes,No,No,Land (Nothing else but land),Yes,No
18713,"VI produced, but check other QA",Decreasing quality (0110),Climatology,Yes,No,No,Land (Nothing else but land),Yes,No
19482,"Pixel produced, but most probably cloudy",Decreasing quality (0110),Climatology,No,No,Yes,Land (Nothing else but land),Yes,No
19486,"Pixel produced, but most probably cloudy",Decreasing quality (0111),Climatology,No,No,Yes,Land (Nothing else but land),Yes,No
20493,"VI produced, but check other QA",Decreasing quality (0011),Climatology,No,No,No,Ocean coastlines and lake shorelines,Yes,No
20494,"Pixel produced, but most probably cloudy",Decreasing quality (0011),Climatology,No,No,No,Ocean coastlines and lake shorelines,Yes,No
20495,Pixel not produced due to other reasons than clouds,Decreasing quality (0011),Climatology,No,No,No,Ocean coastlines and lake shorelines,Yes,No
20497,"VI produced, but check other QA",Decreasing quality (0100),Climatology,No,No,No,Ocean coastlines and lake shorelines,Yes,No
20498,"Pixel produced, but most probably cloudy",Decreasing quality (0100),Climatology,No,No,No,Ocean coastlines and lake shorelines,Yes,No
20501,"VI produced, but check other QA",Decreasing quality (0101),Climatology,No,No,No,Ocean coastlines and lake shorelines,Yes,No
20502,"Pixel produced, but most probably cloudy",Decreasing quality (0101),Climatology,No,No,No,Ocean coastlines and lake shorelines,Yes,No
20505,"VI produced, but check other QA",Decreasing quality (0110),Climatology,No,No,No,Ocean coastlines and lake shorelines,Yes,No
20753,"VI produced, but check other QA",Decreasing quality (0100),Climatology,Yes,No,No,Ocean coastlines and lake shorelines,Yes,No
20755,Pixel not produced due to other reasons than clouds,Decreasing quality (0100),Climatology,Yes,No,No,Ocean coastlines and lake shorelines,Yes,No
20757,"VI produced, but check other QA",Decreasing quality (0101),Climatology,Yes,No,No,Ocean coastlines and lake shorelines,Yes,No
20759,Pixel not produced due to other reasons than clouds,Decreasing quality (0101),Climatology,Yes,No,No,Ocean coastlines and lake shorelines,Yes,No
20761,"VI produced, but check other QA",Decreasing quality (0110),Climatology,Yes,No,No,Ocean coastlines and lake shorelines,Yes,No
20765,"VI produced, but check other QA",Decreasing quality (0111),Climatology,Yes,No,No,Ocean coastlines and lake shorelines,Yes,No
21530,"Pixel produced, but most probably cloudy",Decreasing quality (0110),Climatology,No,No,Yes,Ocean coastlines and lake shorelines,Yes,No
21790,"Pixel produced, but most probably cloudy",Decreasing quality (0111),Climatology,Yes,No,Yes,Ocean coastlines and lake shorelines,Yes,No
22541,"VI produced, but check other QA",Decreasing quality (0011),Climatology,No,No,No,Shallow inland water,Yes,No
22542,"Pixel produced, but most probably cloudy",Decreasing quality (0011),Climatology,No,No,No,Shallow inland water,Yes,No
22543,Pixel not produced due to other reasons than clouds,Decreasing quality (0011),Climatology,No,No,No,Shallow inland water,Yes,No
22545,"VI produced, but check other QA",Decreasing quality (0100),Climatology,No,No,No,Shallow inland water,Yes,No
22546,"Pixel produced, but most probably cloudy",Decreasing quality (0100),Climatology,No,No,No,Shallow inland water,Yes,No
22547,Pixel not produced due to other reasons than clouds,Decreasing quality (0100),Climatology,No,No,No,Shallow inland water,Yes,No
22549,"VI produced, but check other QA",Decreasing quality (0101),Climatology,No,No,No,Shallow inland water,Yes,No
22550,"Pixel produced, but most probably cloudy",Decreasing quality (0101),Climatology,No,No,No,Shallow inland water,Yes,No
22554,"Pixel produced, but most probably cloudy",Decreasing quality (0110),Climatology,No,No,No,Shallow inland water,Yes,No
22589,"VI produced, but check other QA",Not useful for any other reason/not processed,Climatology,No,No,No,Shallow inland water,Yes,No
22591,Pixel not produced due to other reasons than clouds,Not useful for any other reason/not processed,Climatology,No,No,No,Shallow inland water,Yes,No
22801,"VI produced, but check other QA",Decreasing quality (0100),Climatology,Yes,No,No,Shallow inland water,Yes,No
23578,"Pixel produced, but most probably cloudy",Decreasing quality (0110),Climatology,No,No,Yes,Shallow inland water,Yes,No
34833,"VI produced, but check other QA",Decreasing quality (0100),Climatology,No,No,No,Land (Nothing else but land),No,Yes
34834,"Pixel produced, but most probably cloudy",Decreasing quality (0100),Climatology,No,No,No,Land (Nothing else but land),No,Yes
34838,"Pixel produced, but most probably cloudy",Decreasing quality (0101),Climatology,No,No,No,Land (Nothing else but land),No,Yes
34841,"VI produced, but check other QA",Decreasing quality (0110),Climatology,No,No,No,Land (Nothing else but land),No,Yes
34888,VI produced with good quality,Decreasing quality (0010),Low,No,No,No,Land (Nothing else but land),No,Yes
34892,VI produced with good quality,Decreasing quality (0011),Low,No,No,No,Land (Nothing else but land),No,Yes
34896,VI produced with good quality,Decreasing quality (0100),Low,No,No,No,Land (Nothing else but land),No,Yes
34900,VI produced with good quality,Decreasing quality (0101),Low,No,No,No,Land (Nothing else but land),No,Yes
34957,"VI produced, but check other QA",Decreasing quality (0011),Average,No,No,No,Land (Nothing else but land),No,Yes
34961,"VI produced, but check other QA",Decreasing quality (0100),Average,No,No,No,Land (Nothing else but land),No,Yes
34965,"VI produced, but check other QA",Decreasing quality (0101),Average,No,No,No,Land (Nothing else but land),No,Yes
34966,"Pixel produced, but most probably cloudy",Decreasing quality (0101),Average,No,No,No,Land (Nothing else but land),No,Yes
34969,"VI produced, but check other QA",Decreasing quality (0110),Average,No,No,No,Land (Nothing else but land),No,Yes
35029,"VI produced, but check other QA",Decreasing quality (0101),High,No,No,No,Land (Nothing else but land),No,Yes
35033,"VI produced, but check other QA",Decreasing quality (0110),High,No,No,No,Land (Nothing else but land),No,Yes
35037,"VI produced, but check other QA",Decreasing quality (0111),High,No,No,No,Land (Nothing else but land),No,Yes
35041,"VI produced, but check other QA",Decreasing quality (1000),High,No,No,No,Land (Nothing else but land),No,Yes
35093,"VI produced, but check other QA",Decreasing quality (0101),Climatology,Yes,No,No,Land (Nothing else but land),No,Yes
35097,"VI produced, but check other QA",Decreasing quality (0110),Climatology,Yes,No,No,Land (Nothing else but land),No,Yes
35101,"VI produced, but check other QA",Decreasing quality (0111),Climatology,Yes,No,No,Land (Nothing else but land),No,Yes
35102,"Pixel produced, but most probably cloudy",Decreasing quality (0111),Climatology,Yes,No,No,Land (Nothing else but land),No,Yes
35148,VI produced with good quality,Decreasing quality (0011),Low,Yes,No,No,Land (Nothing else but land),No,Yes
35152,VI produced with good quality,Decreasing quality (0100),Low,Yes,No,No,Land (Nothing else but land),No,Yes
35156,VI produced with good quality,Decreasing quality (0101),Low,Yes,No,No,Land (Nothing else but land),No,Yes
35160,VI produced with good quality,Decreasing quality (0110),Low,Yes,No,No,Land (Nothing else but land),No,Yes
35217,"VI produced, but check other QA",Decreasing quality (0100),Average,Yes,No,No,Land (Nothing else but land),No,Yes
35218,"Pixel produced, but most probably cloudy",Decreasing quality (0100),Average,Yes,No,No,Land (Nothing else but land),No,Yes
35221,"VI produced, but check other QA",Decreasing quality (0101),Average,Yes,No,No,Land (Nothing else but land),No,Yes
35222,"Pixel produced, but most probably cloudy",Decreasing quality (0101),Average,Yes,No,No,Land (Nothing else but land),No,Yes
35225,"VI produced, but check other QA",Decreasing quality (0110),Average,Yes,No,No,Land (Nothing else but land),No,Yes
35229,"VI produced, but check other QA",Decreasing quality (0111),Average,Yes,No,No,Land (Nothing else but land),No,Yes
35230,"Pixel produced, but most probably cloudy",Decreasing quality (0111),Average,Yes,No,No,Land (Nothing else but land),No,Yes
35289,"VI produced, but check other QA",Decreasing quality (0110),High,Yes,No,No,Land (Nothing else but land),No,Yes
35290,"Pixel produced, but most probably cloudy",Decreasing quality (0110),High,Yes,No,No,Land (Nothing else but land),No,Yes
35293,"VI produced, but check other QA",Decreasing quality (0111),High,Yes,No,No,Land (Nothing else but land),No,Yes
35294,"Pixel produced, but most probably cloudy",Decreasing quality (0111),High,Yes,No,No,Land (Nothing else but land),No,Yes
35297,"VI produced, but check other QA",Decreasing quality (1000),High,Yes,No,No,Land (Nothing else but land),No,Yes
35298,"Pixel produced, but most probably cloudy",Decreasing quality (1000),High,Yes,No,No,Land (Nothing else but land),No,Yes
35301,"VI produced, but check other QA",Decreasing quality (1001),High,Yes,No,No,Land (Nothing else but land),No,Yes
35302,"Pixel produced, but most probably cloudy",Decreasing quality (1001),High,Yes,No,No,Land (Nothing else but land),No,Yes
35930,"Pixel produced, but most probably cloudy",Decreasing quality (0110),Low,No,No,Yes,Land (Nothing else but land),No,Yes
35934,"Pixel produced, but most probably cloudy",Decreasing quality (0111),Low,No,No,Yes,Land (Nothing else but land),No,Yes
35938,"Pixel produced, but most probably cloudy",Decreasing quality (1000),Low,No,No,Yes,Land (Nothing else but land),No,Yes
35994,"Pixel produced, but most probably cloudy",Decreasing quality (0110),Average,No,No,Yes,Land (Nothing else but land),No,Yes
35998,"Pixel produced, but most probably cloudy",Decreasing quality (0111),Average,No,No,Yes,Land (Nothing else but land),No,Yes
36006,"Pixel produced, but most probably cloudy",Decreasing quality (1001),Average,No,No,Yes,Land (Nothing else but land),No,Yes
36066,"Pixel produced, but most probably cloudy",Decreasing quality (1000),High,No,No,Yes,Land (Nothing else but land),No,Yes
36070,"Pixel produced, but most probably cloudy",Decreasing quality (1001),High,No,No,Yes,Land (Nothing else but land),No,Yes
36138,"Pixel produced, but most probably cloudy",Decreasing quality (1010),Climatology,Yes,No,Yes,Land (Nothing else but land),No,Yes
36186,"Pixel produced, but most probably cloudy",Decreasing quality (0110),Low,Yes,No,Yes,Land (Nothing else but land),No,Yes
36190,"Pixel produced, but most probably cloudy",Decreasing quality (0111),Low,Yes,No,Yes,Land (Nothing else but land),No,Yes
36194,"Pixel produced, but most probably cloudy",Decreasing quality (1000),Low,Yes,No,Yes,Land (Nothing else but land),No,Yes
36254,"Pixel produced, but most probably cloudy",Decreasing quality (0111),Average,Yes,No,Yes,Land (Nothing else but land),No,Yes
36258,"Pixel produced, but most probably cloudy",Decreasing quality (1000),Average,Yes,No,Yes,Land (Nothing else but land),No,Yes
36262,"Pixel produced, but most probably cloudy",Decreasing quality (1001),Average,Yes,No,Yes,Land (Nothing else but land),No,Yes
36326,"Pixel produced, but most probably cloudy",Decreasing quality (1001),High,Yes,No,Yes,Land (Nothing else but land),No,Yes
36330,"Pixel produced, but most probably cloudy",Decreasing quality (1010),High,Yes,No,Yes,Land (Nothing else but land),No,Yes
36334,"Pixel produced, but most probably cloudy",Decreasing quality (1011),High,Yes,No,Yes,Land (Nothing else but land),No,Yes
36338,"Pixel produced, but most probably cloudy",Lowest quality,High,Yes,No,Yes,Land (Nothing else but land),No,Yes
36881,"VI produced, but check other QA",Decreasing quality (0100),Climatology,No,No,No,Ocean coastlines and lake shorelines,No,Yes
36882,"Pixel produced, but most probably cloudy",Decreasing quality (0100),Climatology,No,No,No,Ocean coastlines and lake shorelines,No,Yes
36885,"VI produced, but check other QA",Decreasing quality (0101),Climatology,No,No,No,Ocean coastlines and lake shorelines,No,Yes
36889,"VI produced, but check other QA",Decreasing quality (0110),Climatology,No,No,No,Ocean coastlines and lake shorelines,No,Yes
36890,"Pixel produced, but most probably cloudy",Decreasing quality (0110),Climatology,No,No,No,Ocean coastlines and lake shorelines,No,Yes
36936,VI produced with good quality,Decreasing quality (0010),Low,No,No,No,Ocean coastlines and lake shorelines,No,Yes
36940,VI produced with good quality,Decreasing quality (0011),Low,No,No,No,Ocean coastlines and lake shorelines,No,Yes
36944,VI produced with good quality,Decreasing quality (0100),Low,No,No,No,Ocean coastlines and lake shorelines,No,Yes
36946,"Pixel produced, but most probably cloudy",Decreasing quality (0100),Low,No,No,No,Ocean coastlines and lake shorelines,No,Yes
36948,VI produced with good quality,Decreasing quality (0101),Low,No,No,No,Ocean coastlines and lake shorelines,No,Yes
36950,"Pixel produced, but most probably cloudy",Decreasing quality (0101),Low,No,No,No,Ocean coastlines and lake shorelines,No,Yes
36991,Pixel not produced due to other reasons than clouds,Not useful for any other reason/not processed,Low,No,No,No,Ocean coastlines and lake shorelines,No,Yes
37005,"VI produced, but check other QA",Decreasing quality (0011),Average,No,No,No,Ocean coastlines and lake shorelines,No,Yes
37007,Pixel not produced due to other reasons than clouds,Decreasing quality (0011),Average,No,No,No,Ocean coastlines and lake shorelines,No,Yes
37009,"VI produced, but check other QA",Decreasing quality (0100),Average,No,No,No,Ocean coastlines and lake shorelines,No,Yes
37013,"VI produced, but check other QA",Decreasing quality (0101),Average,No,No,No,Ocean coastlines and lake shorelines,No,Yes
37014,"Pixel produced, but most probably cloudy",Decreasing quality (0101),Average,No,No,No,Ocean coastlines and lake shorelines,No,Yes
37017,"VI produced, but check other QA",Decreasing quality (0110),Average,No,No,No,Ocean coastlines and lake shorelines,No,Yes
37018,"Pixel produced, but most probably cloudy",Decreasing quality (0110),Average,No,No,No,Ocean coastlines and lake shorelines,No,Yes
37053,"VI produced, but check other QA",Not useful for any other reason/not processed,Average,No,No,No,Ocean coastlines and lake shorelines,No,Yes
37077,"VI produced, but check other QA",Decreasing quality (0101),High,No,No,No,Ocean coastlines and lake shorelines,No,Yes
37081,"VI produced, but check other QA",Decreasing quality (0110),High,No,No,No,Ocean coastlines and lake shorelines,No,Yes
37083,Pixel not produced due to other reasons than clouds,Decreasing quality (0110),High,No,No,No,Ocean coastlines and lake shorelines,No,Yes
37085,"VI produced, but check other QA",Decreasing quality (0111),High,No,No,No,Ocean coastlines and lake shorelines,No,Yes
37089,"VI produced, but check other QA",Decreasing quality (1000),High,No,No,No,Ocean coastlines and lake shorelines,No,Yes
37141,"VI produced, but check other QA",Decreasing quality (0101),Climatology,Yes,No,No,Ocean coastlines and lake shorelines,No,Yes
37142,"Pixel produced, but most probably cloudy",Decreasing quality (0101),Climatology,Yes,No,No,Ocean coastlines and lake shorelines,No,Yes
37143,Pixel not produced due to other reasons than clouds,Decreasing quality (0101),Climatology,Yes,No,No,Ocean coastlines and lake shorelines,No,Yes
37145,"VI produced, but check other QA",Decreasing quality (0110),Climatology,Yes,No,No,Ocean coastlines and lake shorelines,No,Yes
37146,"Pixel produced, but most probably cloudy",Decreasing quality (0110),Climatology,Yes,No,No,Ocean coastlines and lake shorelines,No,Yes
37147,Pixel not produced due to other reasons than clouds,Decreasing quality (0110),Climatology,Yes,No,No,Ocean coastlines and lake shorelines,No,Yes
37149,"VI produced, but check other QA",Decreasing quality (0111),Climatology,Yes,No,No,Ocean coastlines and lake shorelines,No,Yes
37150,"Pixel produced, but most probably cloudy",Decreasing quality (0111),Climatology,Yes,No,No,Ocean coastlines and lake shorelines,No,Yes
37153,"VI produced, but check other QA",Decreasing quality (1000),Climatology,Yes,No,No,Ocean coastlines and lake shorelines,No,Yes
37154,"Pixel produced, but most probably cloudy",Decreasing quality (1000),Climatology,Yes,No,No,Ocean coastlines and lake shorelines,No,Yes
37181,"VI produced, but check other QA",Not useful for any other reason/not processed,Climatology,Yes,No,No,Ocean coastlines and lake shorelines,No,Yes
37183,Pixel not produced due to other reasons than clouds,Not useful for any other reason/not processed,Climatology,Yes,No,No,Ocean coastlines and lake shorelines,No,Yes
37922,"Pixel produced, but most probably cloudy",Decreasing quality (1000),Climatology,No,No,Yes,Ocean coastlines and lake shorelines,No,Yes
37926,"Pixel produced, but most probably cloudy",Decreasing quality (1001),Climatology,No,No,Yes,Ocean coastlines and lake shorelines,No,Yes
37978,"Pixel produced, but most probably cloudy",Decreasing quality (0110),Low,No,No,Yes,Ocean coastlines and lake shorelines,No,Yes
37982,"Pixel produced, but most probably cloudy",Decreasing quality (0111),Low,No,No,Yes,Ocean coastlines and lake shorelines,No,Yes
37986,"Pixel produced, but most probably cloudy",Decreasing quality (1000),Low,No,No,Yes,Ocean coastlines and lake shorelines,No,Yes
38015,Pixel not produced due to other reasons than clouds,Not useful for any other reason/not processed,Low,No,No,Yes,Ocean coastlines and lake shorelines,No,Yes
38046,"Pixel produced, but most probably cloudy",Decreasing quality (0111),Average,No,No,Yes,Ocean coastlines and lake shorelines,No,Yes
38050,"Pixel produced, but most probably cloudy",Decreasing quality (1000),Average,No,No,Yes,Ocean coastlines and lake shorelines,No,Yes
38054,"Pixel produced, but most probably cloudy",Decreasing quality (1001),Average,No,No,Yes,Ocean coastlines and lake shorelines,No,Yes
38122,"Pixel produced, but most probably cloudy",Decreasing quality (1010),High,No,No,Yes,Ocean coastlines and lake shorelines,No,Yes
38178,"Pixel produced, but most probably cloudy",Decreasing quality (1000),Climatology,Yes,No,Yes,Ocean coastlines and lake shorelines,No,Yes
38182,"Pixel produced, but most probably cloudy",Decreasing quality (1001),Climatology,Yes,No,Yes,Ocean coastlines and lake shorelines,No,Yes
38183,Pixel not produced due to other reasons than clouds,Decreasing quality (1001),Climatology,Yes,No,Yes,Ocean coastlines and lake shorelines,No,Yes
38186,"Pixel produced, but most probably cloudy",Decreasing quality (1010),Climatology,Yes,No,Yes,Ocean coastlines and lake shorelines,No,Yes
38190,"Pixel produced, but most probably cloudy",Decreasing quality (1011),Climatology,Yes,No,Yes,Ocean coastlines and lake shorelines,No,Yes
38207,Pixel not produced due to other reasons than clouds,Not useful for any other reason/not processed,Climatology,Yes,No,Yes,Ocean coastlines and lake shorelines,No,Yes
38937,"VI produced, but check other QA",Decreasing quality (0110),Climatology,No,No,No,Shallow inland water,No,Yes
38984,VI produced with good quality,Decreasing quality (0010),Low,No,No,No,Shallow inland water,No,Yes
38988,VI produced with good quality,Decreasing quality (0011),Low,No,No,No,Shallow inland water,No,Yes
38992,VI produced with good quality,Decreasing quality (0100),Low,No,No,No,Shallow inland water,No,Yes
38996,VI produced with good quality,Decreasing quality (0101),Low,No,No,No,Shallow inland water,No,Yes
39057,"VI produced, but check other QA",Decreasing quality (0100),Average,No,No,No,Shallow inland water,No,Yes
39061,"VI produced, but check other QA",Decreasing quality (0101),Average,No,No,No,Shallow inland water,No,Yes
39062,"Pixel produced, but most probably cloudy",Decreasing quality (0101),Average,No,No,No,Shallow inland water,No,Yes
39065,"VI produced, but check other QA",Decreasing quality (0110),Average,No,No,No,Shallow inland water,No,Yes
39129,"VI produced, but check other QA",Decreasing quality (0110),High,No,No,No,Shallow inland water,No,Yes
39189,"VI produced, but check other QA",Decreasing quality (0101),Climatology,Yes,No,No,Shallow inland water,No,Yes
39190,"Pixel produced, but most probably cloudy",Decreasing quality (0101),Climatology,Yes,No,No,Shallow inland water,No,Yes
39191,Pixel not produced due to other reasons than clouds,Decreasing quality (0101),Climatology,Yes,No,No,Shallow inland water,No,Yes
39193,"VI produced, but check other QA",Decreasing quality (0110),Climatology,Yes,No,No,Shallow inland water,No,Yes
39197,"VI produced, but check other QA",Decreasing quality (0111),Climatology,Yes,No,No,Shallow inland water,No,Yes
39198,"Pixel produced, but most probably cloudy",Decreasing quality (0111),Climatology,Yes,No,No,Shallow inland water,No,Yes
39229,"VI produced, but check other QA",Not useful for any other reason/not processed,Climatology,Yes,No,No,Shallow inland water,No,Yes
39231,Pixel not produced due to other reasons than clouds,Not useful for any other reason/not processed,Climatology,Yes,No,No,Shallow inland water,No,Yes
39967,Pixel not produced due to other reasons than clouds,Decreasing quality (0111),Climatology,No,No,Yes,Shallow inland water,No,Yes
39974,"Pixel produced, but most probably cloudy",Decreasing quality (1001),Climatology,No,No,Yes,Shallow inland water,No,Yes
40022,"Pixel produced, but most probably cloudy",Decreasing quality (0101),Low,No,No,Yes,Shallow inland water,No,Yes
40026,"Pixel produced, but most probably cloudy",Decreasing quality (0110),Low,No,No,Yes,Shallow inland water,No,Yes
40030,"Pixel produced, but most probably cloudy",Decreasing quality (0111),Low,No,No,Yes,Shallow inland water,No,Yes
40034,"Pixel produced, but most probably cloudy",Decreasing quality (1000),Low,No,No,Yes,Shallow inland water,No,Yes
40094,"Pixel produced, but most probably cloudy",Decreasing quality (0111),Average,No,No,Yes,Shallow inland water,No,Yes
40102,"Pixel produced, but most probably cloudy",Decreasing quality (1001),Average,No,No,Yes,Shallow inland water,No,Yes
40226,"Pixel produced, but most probably cloudy",Decreasing quality (1000),Climatology,Yes,No,Yes,Shallow inland water,No,Yes
40230,"Pixel produced, but most probably cloudy",Decreasing quality (1001),Climatology,Yes,No,Yes,Shallow inland water,No,Yes
40234,"Pixel produced, but most probably cloudy",Decreasing quality (1010),Climatology,Yes,No,Yes,Shallow inland water,No,Yes
40238,"Pixel produced, but most probably cloudy",Decreasing quality (1011),Climatology,Yes,No,Yes,Shallow inland water,No,Yes
40255,Pixel not produced due to other reasons than clouds,Not useful for any other reason/not processed,Climatology,Yes,No,Yes,Shallow inland water,No,Yes
51199,Pixel not produced due to other reasons than clouds,Not useful for any other reason/not processed,High,Yes,Yes,Yes,Shallow ocean,Yes,Yes
51221,"VI produced, but check other QA",Decreasing quality (0101),Climatology,No,No,No,Land (Nothing else but land),Yes,Yes
51225,"VI produced, but check other QA",Decreasing quality (0110),Climatology,No,No,No,Land (Nothing else but land),Yes,Yes
51229,"VI produced, but check other QA",Decreasing quality (0111),Climatology,No,No,No,Land (Nothing else but land),Yes,Yes
51481,"VI produced, but check other QA",Decreasing quality (0110),Climatology,Yes,No,No,Land (Nothing else but land),Yes,Yes
51681,"VI produced, but check other QA",Decreasing quality (1000),High,Yes,No,No,Land (Nothing else but land),Yes,Yes
53269,"VI produced, but check other QA",Decreasing quality (0101),Climatology,No,No,No,Ocean coastlines and lake shorelines,Yes,Yes
53273,"VI produced, but check other QA",Decreasing quality (0110),Climatology,No,No,No,Ocean coastlines and lake shorelines,Yes,Yes
53277,"VI produced, but check other QA",Decreasing quality (0111),Climatology,No,No,No,Ocean coastlines and lake shorelines,Yes,Yes
53281,"VI produced, but check other QA",Decreasing quality (1000),Climatology,No,No,No,Ocean coastlines and lake shorelines,Yes,Yes
53529,"VI produced, but check other QA",Decreasing quality (0110),Climatology,Yes,No,No,Ocean coastlines and lake shorelines,Yes,Yes
53531,Pixel not produced due to other reasons than clouds,Decreasing quality (0110),Climatology,Yes,No,No,Ocean coastlines and lake shorelines,Yes,Yes
53533,"VI produced, but check other QA",Decreasing quality (0111),Climatology,Yes,No,No,Ocean coastlines and lake shorelines,Yes,Yes
53537,"VI produced, but check other QA",Decreasing quality (1000),Climatology,Yes,No,No,Ocean coastlines and lake shorelines,Yes,Yes
53541,"VI produced, but check other QA",Decreasing quality (1001),Climatology,Yes,No,No,Ocean coastlines and lake shorelines,Yes,Yes
55317,"VI produced, but check other QA",Decreasing quality (0101),Climatology,No,No,No,Shallow inland water,Yes,Yes
55577,"VI produced, but check other QA",Decreasing quality (0110),Climatology,Yes,No,No,Shallow inland water,Yes,Yes
55579,Pixel not produced due to other reasons than clouds,Decreasing quality (0110),Climatology,Yes,No,No,Shallow inland water,Yes,Yes
