{"error": null, "params": {"geo": {"type": "FeatureCollection", "features": [{"type": "Feature", "geometry": {"type": "Polygon", "coordinates": [[[135.581223, 34.926709], [135.581223, 35.060481], [135.783152, 35.060481], [135.783152, 34.926709], [135.581223, 34.926709]]]}, "properties": {}}], "fileName": "User-Drawn-Polygon"}, "dates": [{"endDate": "06-01", "recurring": true, "startDate": "01-01", "yearRange": [1950, 2040]}], "layers": [{"layer": "_500m_16_days_EVI", "product": "MOD13A1.006"}, {"layer": "_500m_16_days_NDVI", "product": "MOD13A1.006"}, {"layer": "_500m_16_days_VI_Quality", "product": "MOD13A1.006"}], "output": {"format": {"type": "geotiff"}, "projection": "geographic"}}, "status": "processing", "created": "2022-02-12T17:38:16.436166", "task_id": "9e12020a-6103-4814-9abd-df3da83fb1e5", "updated": "2022-02-12T17:39:11.794405", "user_id": "wpattie@comcast.net", "estimate": {"request_size": 4795645.887017928}, "retry_at": null, "has_swath": false, "task_name": "kyoto", "task_type": "area", "api_version": null, "svc_version": "2.70", "web_version": "2.70", "size_category": "0", "has_nsidc_daac": false, "expires_on": "2022-03-14T17:39:11.794405", "attempts": 1}
