{"error": null, "params": {"geo": {"type": "FeatureCollection", "features": [{"type": "Feature", "geometry": {"type": "Polygon", "coordinates": [[[-123.184404, 49.095961], [-123.184404, 49.265747], [-122.804686, 49.265747], [-122.804686, 49.095961], [-123.184404, 49.095961]]]}, "properties": {}}], "fileName": "User-Drawn-Polygon"}, "dates": [{"endDate": "06-01", "recurring": true, "startDate": "01-01", "yearRange": [1950, 2040]}], "layers": [{"layer": "_500m_16_days_EVI", "product": "MOD13A1.006"}, {"layer": "_500m_16_days_NDVI", "product": "MOD13A1.006"}, {"layer": "_500m_16_days_VI_Quality", "product": "MOD13A1.006"}], "output": {"format": {"type": "geotiff"}, "projection": "geographic"}}, "status": "processing", "created": "2022-02-12T17:42:00.093973", "task_id": "75e11ba5-91ef-49b1-a457-f8f9dde8e0c6", "updated": "2022-02-12T17:42:08.826211", "user_id": "wpattie@comcast.net", "estimate": {"request_size": 8223579.642357913}, "retry_at": null, "has_swath": false, "task_name": "vancouver", "task_type": "area", "api_version": null, "svc_version": "2.70", "web_version": "2.70", "size_category": "0", "has_nsidc_daac": false, "expires_on": "2022-03-14T17:42:08.826211", "attempts": 1}
