<?xml version="1.0" encoding="UTF-8"?>
<gmi:MI_Metadata
  xmlns:xsi="http://www.w3.org/2001/XMLSchema-instance"
  xsi:schemaLocation="http://www.isotc211.org/2005/gmi https://ngdc.noaa.gov/metadata/published/xsd/schema.xsd"
  xmlns:xlink="http://www.w3.org/1999/xlink"
  xmlns:gco="http://www.isotc211.org/2005/gco"
  xmlns:gmd="http://www.isotc211.org/2005/gmd"
  xmlns:gmx="http://www.isotc211.org/2005/gmx"
  xmlns:gml="http://www.opengis.net/gml/3.2"
  xmlns:gss="http://www.isotc211.org/2005/gss"
  xmlns:gts="http://www.isotc211.org/2005/gts"
  xmlns:gsr="http://www.isotc211.org/2005/gsr"
  xmlns:gmi="http://www.isotc211.org/2005/gmi"
  xmlns:srv="http://www.isotc211.org/2005/srv">


  <!-- FILE IDENTIFIER -->
  <gmd:fileIdentifier>
    <gco:CharacterString>vancouver-MOD13A1-006-metadata.xml</gco:CharacterString>
  </gmd:fileIdentifier>

  <!-- METADATA AND RESOURCE LANGUAGE -->
  <gmd:language>
    <gmd:LanguageCode codeList="http://www.loc.gov/standards/iso639-2/php/code_list.php" codeListValue="eng">eng
    </gmd:LanguageCode>
  </gmd:language>

  <!-- CHARACTER SET -->
  <gmd:characterSet>
    <gmd:MD_CharacterSetCode
      codeList="http://www.isotc211.org/2005/resources/Codelist/gmxCodelists.xml#MD_CharacterSetCode"
      codeListValue="UTF8">UTF8
    </gmd:MD_CharacterSetCode>
  </gmd:characterSet>

  <!-- HIERARCHY LEVEL -->
  <gmd:hierarchyLevel>
    <gmd:MD_ScopeCode codeList="http://www.isotc211.org/2005/resources/Codelist/gmxCodelists.xml#MD_ScopeCode"
                      codeListValue="series">series
    </gmd:MD_ScopeCode>
  </gmd:hierarchyLevel>

  <!-- CONTACT INFORMATION -->
  <gmd:contact>
    <gmd:CI_ResponsibleParty>
      <gmd:organisationName>
        <gco:CharacterString>LP DAAC at The EROS Center</gco:CharacterString>
      </gmd:organisationName>
      <gmd:contactInfo>
        <gmd:CI_Contact>
          <gmd:phone>
            <gmd:CI_Telephone>
              <gmd:voice>
                <gco:CharacterString>605-594-6116</gco:CharacterString>
              </gmd:voice>
              <gmd:voice>
                <gco:CharacterString>866-573-3222 (866-LPE-DAAC)</gco:CharacterString>
              </gmd:voice>
              <gmd:facsimile>
                <gco:CharacterString>605-594-6963</gco:CharacterString>
              </gmd:facsimile>
            </gmd:CI_Telephone>
          </gmd:phone>
          <gmd:address>
            <gmd:CI_Address>
              <gmd:deliveryPoint>
                <gco:CharacterString>Mundt Federal Building</gco:CharacterString>
              </gmd:deliveryPoint>
              <gmd:city>
                <gco:CharacterString>Sioux Falls</gco:CharacterString>
              </gmd:city>
              <gmd:administrativeArea>
                <gco:CharacterString>SD</gco:CharacterString>
              </gmd:administrativeArea>
              <gmd:postalCode>
                <gco:CharacterString>57198</gco:CharacterString>
              </gmd:postalCode>
              <gmd:country>
                <gco:CharacterString>United States</gco:CharacterString>
              </gmd:country>
              <gmd:electronicMailAddress>
                <gco:CharacterString>LPDAAC@usgs.gov</gco:CharacterString>
              </gmd:electronicMailAddress>
            </gmd:CI_Address>
          </gmd:address>
          <gmd:onlineResource>
            <gmd:CI_OnlineResource>
              <gmd:linkage>
                <gmd:URL>https://lpdaac.usgs.gov/</gmd:URL>
              </gmd:linkage>
            </gmd:CI_OnlineResource>
          </gmd:onlineResource>
        </gmd:CI_Contact>
      </gmd:contactInfo>
      <gmd:role>
        <gmd:CI_RoleCode codeList="http://www.isotc211.org/2005/resources/Codelist/gmxCodelists.xml#CI_RoleCode"
                         codeListValue="pointOfContact" codeSpace="007">pointOfContact
        </gmd:CI_RoleCode>
      </gmd:role>
    </gmd:CI_ResponsibleParty>
  </gmd:contact>

  <!-- METADATA DATE -->
  <gmd:dateStamp>
    <gco:Date>2022-02-12</gco:Date>
  </gmd:dateStamp>

  <!-- METADATA STANDARD NAME -->
  <gmd:metadataStandardName>
    <gco:CharacterString>ISO 19115-2 Geographic Information - Metadata Part 2 Extensions for imagery and gridded data
    </gco:CharacterString>
  </gmd:metadataStandardName>

  <!-- METADATA VERSION -->
  <gmd:metadataStandardVersion>
    <gco:CharacterString>ISO 19115-2:2009</gco:CharacterString>
  </gmd:metadataStandardVersion>

  <!-- SPATIAL REPRESENTATION -->
  <gmd:spatialRepresentationInfo>
    <gmd:MD_GridSpatialRepresentation>
      <gmd:numberOfDimensions>
        <gco:Integer>2</gco:Integer>
      </gmd:numberOfDimensions>
      <gmd:axisDimensionProperties>
        <gmd:MD_Dimension>
          <gmd:dimensionName>
            <gmd:MD_DimensionNameTypeCode
              codeList="https://www.ngdc.noaa.gov/metadata/published/xsd/schema/resources/Codelist/gmxCodelists.xml#MD_DimensionNameTypeCode"
              codeListValue="row">
                row
            </gmd:MD_DimensionNameTypeCode>
          </gmd:dimensionName>
          <gmd:dimensionSize>
            <gco:Integer>1</gco:Integer>
          </gmd:dimensionSize>
          <gmd:resolution>
            <gco:Measure uom="meters">500</gco:Measure>
          </gmd:resolution>
        </gmd:MD_Dimension>
      </gmd:axisDimensionProperties>
      <gmd:axisDimensionProperties>
        <gmd:MD_Dimension>
          <gmd:dimensionName>
            <gmd:MD_DimensionNameTypeCode
              codeList="https://www.ngdc.noaa.gov/metadata/published/xsd/schema/resources/Codelist/gmxCodelists.xml#MD_DimensionNameTypeCode"
              codeListValue="column">
                column
            </gmd:MD_DimensionNameTypeCode>
          </gmd:dimensionName>
          <gmd:dimensionSize>
            <gco:Integer>1</gco:Integer>
          </gmd:dimensionSize>
          <gmd:resolution>
            <gco:Measure uom="meters">500</gco:Measure>
          </gmd:resolution>
        </gmd:MD_Dimension>
      </gmd:axisDimensionProperties>
      <gmd:cellGeometry>
        <gmd:MD_CellGeometryCode
          codeList="http://www.ngdc.noaa.gov/metadata/published/xsd/schema/resources/Codelist/gmxCodelists.xml#MD_CellGeometryCode"
          codeListValue="area">
            area
        </gmd:MD_CellGeometryCode>
      </gmd:cellGeometry>
      <gmd:transformationParameterAvailability>
        <gco:Boolean>true</gco:Boolean>
      </gmd:transformationParameterAvailability>
    </gmd:MD_GridSpatialRepresentation>
  </gmd:spatialRepresentationInfo>

  <!-- REFERENCE SYSTEM INFORMATION -->
  <gmd:referenceSystemInfo>
    <gmd:MD_ReferenceSystem>
      <gmd:referenceSystemIdentifier>
        <gmd:RS_Identifier>
          <gmd:code>
            <gco:CharacterString>
              Geographic
              Datum:  WGS84
              EPSG:   4326
              PROJ.4: "+proj=longlat +datum=WGS84 +no_defs"
            </gco:CharacterString>
          </gmd:code>
        </gmd:RS_Identifier>
      </gmd:referenceSystemIdentifier>
    </gmd:MD_ReferenceSystem>
  </gmd:referenceSystemInfo>

  <!-- DATA INFORMATION -->
  <gmd:identificationInfo>
    <gmd:MD_DataIdentification>
      <gmd:citation>
        <gmd:CI_Citation>
          <gmd:title>
            <gco:CharacterString>MOD13A1.006</gco:CharacterString>
          </gmd:title>
          <gmd:alternateTitle>
            <gco:CharacterString>Vegetation Indices (NDVI & EVI)</gco:CharacterString>
          </gmd:alternateTitle>
          <gmd:date>
            <gmd:CI_Date>
              <gmd:date>
                <gco:Date>2022-02-12</gco:Date>
              </gmd:date>
              <gmd:dateType>
                <gmd:CI_DateTypeCode
                  codeList="http://www.isotc211.org/2005/resources/Codelist/gmxCodelists.xml#CI_DateTypeCode"
                  codeListValue="creation">creation
                </gmd:CI_DateTypeCode>
              </gmd:dateType>
            </gmd:CI_Date>
          </gmd:date>
          <gmd:identifier>
            <gmd:MD_Identifier>
              <gmd:code>
                <gmx:Anchor
                  xlink:href="https://doi.org/10.5067/MODIS/MOD13A1.006"
                  xlink:title="DOI"
                  xlink:actuate="onRequest">
                    10.5067/MODIS/MOD13A1.006
                </gmx:Anchor>
              </gmd:code>
             </gmd:MD_Identifier>
          </gmd:identifier>
        </gmd:CI_Citation>
      </gmd:citation>
      <gmd:abstract>
        <gco:CharacterString>
          The Application for Extracting and Exploring Analysis Ready Samples (AρρEEARS) offers a simple and efficient
          way to access and transform geospatial data from a variety of federal data archives. AppEEARS enables users
          to subset geospatial datasets using spatial, temporal, and band/layer parameters. Two types of sample
          requests are available: point samples for geographic coordinates and area samples for spatial areas via
          vector polygons. Sample requests submitted to AρρEEARS provide users not only with data values, but also
          associated quality data values. Interactive visualizations with summary statistics are provided for each
          sample within the application, which allow users to preview and interact with their samples before
          downloading their data.
        </gco:CharacterString>
      </gmd:abstract>
      <gmd:resourceConstraints>
        <gmd:MD_LegalConstraints>
          <gmd:useLimitation>
            <gco:CharacterString>Disclaimer - While every effort has been made to ensure that these data are accurate
              and reliable within the limits of the current state of the art, NASA cannot assume liability for any
              damages caused by any errors or omissions in the data, nor as a result of the failure of the data to
              function on a particular system. NASA makes no warranty, expressed or implied, nor does the fact of
              distribution constitute such a warranty.
            </gco:CharacterString>
          </gmd:useLimitation>
        </gmd:MD_LegalConstraints>
      </gmd:resourceConstraints>
      <gmd:spatialResolution>
        <gmd:MD_Resolution>
          <gmd:distance>
            <gco:Distance uom="meters">500</gco:Distance>
          </gmd:distance>
        </gmd:MD_Resolution>
      </gmd:spatialResolution>
      <gmd:language>
        <gmd:LanguageCode codeList="http://www.loc.gov/standards/iso639-2/php/code_list.php" codeListValue="eng">eng
        </gmd:LanguageCode>
      </gmd:language>
      <gmd:extent>
        <gmd:EX_Extent>
          <gmd:temporalElement>
            <gmd:EX_TemporalExtent>
              <gmd:extent>
                <gml:TimeNode gml:id="TemporalGranularity">
                  <gml:description>16 day</gml:description>
                </gml:TimeNode>
              </gmd:extent>
            </gmd:EX_TemporalExtent>
          </gmd:temporalElement>
        </gmd:EX_Extent>
      </gmd:extent>
      <gmd:supplementalInformation>
        <gco:CharacterString>Didan, K. (2015). MOD13A1 MODIS/Terra Vegetation Indices 16-Day L3 Global 500m SIN Grid V006. NASA EOSDIS Land Processes DAAC. Accessed 2022-02-12 from https://doi.org/10.5067/MODIS/MOD13A1.006. Accessed February 12, 2022.</gco:CharacterString>
      </gmd:supplementalInformation>
      <gmd:supplementalInformation>
        <gco:CharacterString>AppEEARS Team. (2022). Application for Extracting and Exploring Analysis Ready Samples (AppEEARS). Ver. 2.70. NASA EOSDIS Land Processes Distributed Active Archive Center (LP DAAC), USGS/Earth Resources Observation and Science (EROS) Center, Sioux Falls, South Dakota, USA. Accessed February 12, 2022. https://lpdaacsvc.cr.usgs.gov/appeears</gco:CharacterString>
      </gmd:supplementalInformation>
    </gmd:MD_DataIdentification>
  </gmd:identificationInfo>

  <!-- SOURCE AND PROCESSING INFORMATION -->
  <gmd:dataQualityInfo>
    <gmd:DQ_DataQuality>
      <gmd:scope>
        <gmd:DQ_Scope>
          <gmd:level>
            <gmd:MD_ScopeCode codeList="http://www.isotc211.org/2005/resources/Codelist/gmxCodelists.xml#MD_ScopeCode"
                              codeListValue="dataset">dataset
            </gmd:MD_ScopeCode>
          </gmd:level>
          <gmd:extent>
            <gmd:EX_Extent>
              <gmd:description>
                <gmx:FileName src="User-Drawn-Polygon">Input vector polygon filename</gmx:FileName>
              </gmd:description>
              <!-- feature 0 -->
              <gmd:geographicElement>
                <gmd:EX_GeographicBoundingBox>
                  <gmd:westBoundLongitude>
                    <gco:Decimal>-123.184404</gco:Decimal>
                  </gmd:westBoundLongitude>
                  <gmd:eastBoundLongitude>
                    <gco:Decimal>-122.804686</gco:Decimal>
                  </gmd:eastBoundLongitude>
                  <gmd:southBoundLatitude>
                    <gco:Decimal>49.095961</gco:Decimal>
                  </gmd:southBoundLatitude>
                  <gmd:northBoundLatitude>
                    <gco:Decimal>49.265747</gco:Decimal>
                  </gmd:northBoundLatitude>
                </gmd:EX_GeographicBoundingBox>
              </gmd:geographicElement>
              <gmd:temporalElement>
                <gmd:EX_TemporalExtent>
                  <gmd:extent>
                    <gml:TimeInstant gml:id="StartDate">
                      <gml:name>Start Date</gml:name>
                      <gml:timePosition>1950-01-01T00:00:00</gml:timePosition>
                    </gml:TimeInstant>
                  </gmd:extent>
                </gmd:EX_TemporalExtent>
              </gmd:temporalElement>
              <gmd:temporalElement>
                <gmd:EX_TemporalExtent>
                  <gmd:extent>
                    <gml:TimeInstant gml:id="EndDate">
                      <gml:timePosition>2040-06-01T00:00:00</gml:timePosition>
                    </gml:TimeInstant>
                  </gmd:extent>
                </gmd:EX_TemporalExtent>
              </gmd:temporalElement>
            </gmd:EX_Extent>
          </gmd:extent>
        </gmd:DQ_Scope>
      </gmd:scope>
      <gmd:lineage>
        <gmd:LI_Lineage>
          <gmd:processStep>
            <gmi:LE_ProcessStep>
              <gmd:description>
                <gco:CharacterString>Software Information</gco:CharacterString>
              </gmd:description>
              <gmi:processingInformation>
                <gmi:LE_Processing>
                  <gmi:identifier>
                    <gmd:MD_Identifier>
                      <gmd:code>
                        <gmx:Anchor
                          xlink:href="https://lpdaacsvc.cr.usgs.gov/appeears/"
                          xlink:title="AppEEARS"
                          xlink:actuate="onRequest">
                            Application for Extracting and Exploring Analysis Ready Samples
                        </gmx:Anchor>
                      </gmd:code>
                    </gmd:MD_Identifier>
                  </gmi:identifier>
                  <gmi:softwareReference>
                    <gmd:CI_Citation>
                      <gmd:title>
                        <gco:CharacterString>Application for Extracting and Exploring Analysis Ready Samples</gco:CharacterString>
                      </gmd:title>
                      <gmd:alternateTitle>
                        <gco:CharacterString>AppEEARS</gco:CharacterString>
                      </gmd:alternateTitle>
                      <gmd:date>
                        <gmd:CI_Date>
                          <gmd:date>
                            <gco:Date>2022-02-12</gco:Date>
                          </gmd:date>
                          <gmd:dateType>
                            <gmd:CI_DateTypeCode
                              codeList="http://www.isotc211.org/2005/resources/Codelist/gmxCodelists.xml#CI_DateTypeCode"
                              codeListValue="creation">creation
                            </gmd:CI_DateTypeCode>
                          </gmd:dateType>
                        </gmd:CI_Date>
                      </gmd:date>
                      <gmd:edition>
                        <gco:CharacterString>2.70</gco:CharacterString>
                      </gmd:edition>
                    </gmd:CI_Citation>
                  </gmi:softwareReference>
                </gmi:LE_Processing>
              </gmi:processingInformation>
            </gmi:LE_ProcessStep>
          </gmd:processStep>
          <gmd:processStep>
            <gmd:LI_ProcessStep>
              <gmd:description>
                <gco:CharacterString>
                  Upload the input vector file information, e.g., geographic properties and attributes, into the
                  AppEEARS system.
                </gco:CharacterString>
              </gmd:description>
            </gmd:LI_ProcessStep>
          </gmd:processStep>
          <gmd:processStep>
            <gmd:LI_ProcessStep>
              <gmd:description>
                <gco:CharacterString>
                  Transform the coordinate system of the input vector file to match the coordinate system of the
                  source dataset.
                </gco:CharacterString>
              </gmd:description>
            </gmd:LI_ProcessStep>
          </gmd:processStep>
          <gmd:processStep>
            <gmd:LI_ProcessStep>
              <gmd:description>
                <gco:CharacterString>
                  Determine the extent for each feature in the input vector file.
                </gco:CharacterString>
              </gmd:description>
            </gmd:LI_ProcessStep>
          </gmd:processStep>
          <gmd:processStep>
            <gmd:LI_ProcessStep>
              <gmd:description>
                <gco:CharacterString>
                  Determine which pixels from the source dataset intersect with the feature extents.
                </gco:CharacterString>
              </gmd:description>
            </gmd:LI_ProcessStep>
          </gmd:processStep>
          <gmd:processStep>
            <gmd:LI_ProcessStep>
              <gmd:description>
                <gco:CharacterString>
                  Extract the identified pixels from the source dataset for each available time slice within the
                  requested date range.
                </gco:CharacterString>
              </gmd:description>
            </gmd:LI_ProcessStep>
          </gmd:processStep>
          <gmd:processStep>
            <gmd:LI_ProcessStep>
              <gmd:description>
                <gco:CharacterString>
                  Convert the extracted pixels into georeferenced images in the output format specified by the user
                  through the AppEEARS user interface.
                </gco:CharacterString>
              </gmd:description>
            </gmd:LI_ProcessStep>
          </gmd:processStep>
          <gmd:processStep>
            <gmd:LI_ProcessStep>
              <gmd:description>
                <gco:CharacterString>
                  Transform the coordinate system of the extracted dataset(s), in its/their source coordinate system,
                  into coordinate system specified by the user through the AppEEARS user interface.
                </gco:CharacterString>
              </gmd:description>
            </gmd:LI_ProcessStep>
          </gmd:processStep>
          <gmd:processStep>
            <gmd:LI_ProcessStep>
              <gmd:description>
                <gco:CharacterString>
                  Clip the extracted dataset(s) to the respective boundary of each feature within the input vector file.
                </gco:CharacterString>
              </gmd:description>
            </gmd:LI_ProcessStep>
          </gmd:processStep>
          <gmd:processStep>
            <gmd:LI_ProcessStep>
              <gmd:description>
                <gco:CharacterString>
                  Calculate statistics for display from the AppEEARS user interface.
                </gco:CharacterString>
              </gmd:description>
            </gmd:LI_ProcessStep>
          </gmd:processStep>
          <gmd:source>
            <gmi:LE_Source>
              <gmd:sourceCitation>
                <gmd:CI_Citation>
                  <gmd:title>
                    <gmx:FileName src="vancouver-granule-list.txt">Text file with data pool URLs for all source granules used in the extraction</gmx:FileName>
                  </gmd:title>
                  <gmd:date>
                    <gmd:CI_Date>
                      <gmd:date>
                        <gco:Date>2022-02-12</gco:Date>
                      </gmd:date>
                      <gmd:dateType>
                        <gmd:CI_DateTypeCode
                          codeList="http://www.isotc211.org/2005/resources/Codelist/gmxCodelists.xml#CI_DateTypeCode"
                          codeListValue="creation">creation
                        </gmd:CI_DateTypeCode>
                      </gmd:dateType>
                    </gmd:CI_Date>
                  </gmd:date>
                </gmd:CI_Citation>
              </gmd:sourceCitation>
            </gmi:LE_Source>
          </gmd:source>
        </gmd:LI_Lineage>
      </gmd:lineage>
    </gmd:DQ_DataQuality>
  </gmd:dataQualityInfo>

  <!-- RESOURCE AND METADATA CONSTRAINTS -->
  <gmd:metadataConstraints>
    <gmd:MD_LegalConstraints>
      <gmd:useLimitation>
        <gco:CharacterString>Disclaimer - While every effort has been made to ensure that these data are accurate
          and reliable within the limits of the current state of the art, NASA cannot assume liability for any
          damages caused by any errors or omissions in the data, nor as a result of the failure of the data to
          function on a particular system. NASA makes no warranty, expressed or implied, nor does the fact of
          distribution constitute such a warranty.
        </gco:CharacterString>
      </gmd:useLimitation>
    </gmd:MD_LegalConstraints>
  </gmd:metadataConstraints>

</gmi:MI_Metadata>
