File Name,Dataset,aid,Date,Count,Minimum,Maximum,Range,Mean,Standard Deviation,Variance,Upper Quartile,Upper 1.5 IQR,Median,Lower 1.5 IQR,Lower Quartile
MOD13A1_006__500m_16_days_EVI_doy2000049_aid0001,_500m_16_days_EVI,aid0001,2000-02-18,1617.0,-0.0128,0.3426,"(-0.0128,0.3426)",0.1687158,0.0947339,0.0089745,0.2539,0.3426,0.1827,-0.0128,0.0789
MOD13A1_006__500m_16_days_EVI_doy2000065_aid0001,_500m_16_days_EVI,aid0001,2000-03-05,1617.0,0.0052,0.3627,"(0.0052,0.3627)",0.184494,0.0907108,0.0082284,0.2673,0.3627,0.1951,0.0052,0.0963
MOD13A1_006__500m_16_days_EVI_doy2000081_aid0001,_500m_16_days_EVI,aid0001,2000-03-21,1617.0,0.0262,0.363,"(0.0262,0.363)",0.1832439,0.0881632,0.0077727,0.2624,0.363,0.1921,0.0262,0.099
MOD13A1_006__500m_16_days_EVI_doy2000097_aid0001,_500m_16_days_EVI,aid0001,2000-04-06,1617.0,0.0328,0.3929,"(0.0328,0.3929)",0.1867421,0.0893398,0.0079816,0.2692,0.3929,0.1933,0.0328,0.1002
MOD13A1_006__500m_16_days_EVI_doy2000113_aid0001,_500m_16_days_EVI,aid0001,2000-04-22,1617.0,0.0055,0.4215,"(0.0055,0.4215)",0.2435757,0.1070392,0.0114574,0.3395,0.4215,0.2721,0.0055,0.1421
MOD13A1_006__500m_16_days_EVI_doy2000129_aid0001,_500m_16_days_EVI,aid0001,2000-05-08,1617.0,0.0507,0.5578,"(0.0507,0.5578)",0.2846805,0.1280721,0.0164025,0.4008,0.5578,0.3078,0.0507,0.1588
MOD13A1_006__500m_16_days_EVI_doy2000145_aid0001,_500m_16_days_EVI,aid0001,2000-05-24,1617.0,0.036,0.6524,"(0.036,0.6524)",0.3356272,0.1696993,0.0287978,0.4925,0.6524,0.3487,0.036,0.1717
MOD13A1_006__500m_16_days_EVI_doy2000353_aid0001,_500m_16_days_EVI,aid0001,2000-12-18,1617.0,0.0088,0.4091,"(0.0088,0.4091)",0.17742,0.1009923,0.0101994,0.2677,0.4091,0.1675,0.0088,0.0827
MOD13A1_006__500m_16_days_EVI_doy2001001_aid0001,_500m_16_days_EVI,aid0001,2001-01-01,1617.0,-0.0105,0.38,"(-0.0105,0.38)",0.1794217,0.0962413,0.0092624,0.261,0.38,0.1881,-0.0105,0.0958
MOD13A1_006__500m_16_days_EVI_doy2001017_aid0001,_500m_16_days_EVI,aid0001,2001-01-17,1617.0,-0.0174,0.3603,"(-0.0174,0.3603)",0.1488926,0.0925196,0.0085599,0.2343,0.3603,0.1439,-0.0174,0.0624
MOD13A1_006__500m_16_days_EVI_doy2001033_aid0001,_500m_16_days_EVI,aid0001,2001-02-02,1617.0,0.0166,0.4352,"(0.0166,0.4352)",0.1816428,0.1002671,0.0100535,0.2651,0.4352,0.1735,0.0166,0.0924
MOD13A1_006__500m_16_days_EVI_doy2001049_aid0001,_500m_16_days_EVI,aid0001,2001-02-18,1617.0,0.0234,0.3544,"(0.0234,0.3544)",0.1670723,0.0806087,0.0064978,0.2345,0.3544,0.1736,0.0234,0.0899
MOD13A1_006__500m_16_days_EVI_doy2001065_aid0001,_500m_16_days_EVI,aid0001,2001-03-06,1617.0,0.0343,0.4015,"(0.0343,0.4015)",0.1831267,0.0861449,0.0074209,0.2564,0.4015,0.1937,0.0343,0.0979
MOD13A1_006__500m_16_days_EVI_doy2001081_aid0001,_500m_16_days_EVI,aid0001,2001-03-22,1617.0,0.0303,0.3552,"(0.0303,0.3552)",0.1811834,0.0779266,0.0060726,0.25,0.3552,0.2029,0.0303,0.1084
MOD13A1_006__500m_16_days_EVI_doy2001097_aid0001,_500m_16_days_EVI,aid0001,2001-04-07,1617.0,0.0383,0.409,"(0.0383,0.409)",0.2322834,0.0960911,0.0092335,0.3163,0.409,0.2583,0.0383,0.1404
MOD13A1_006__500m_16_days_EVI_doy2001113_aid0001,_500m_16_days_EVI,aid0001,2001-04-23,1617.0,0.0499,0.4314,"(0.0499,0.4314)",0.211517,0.0840448,0.0070635,0.2818,0.4314,0.2389,0.0499,0.1301
MOD13A1_006__500m_16_days_EVI_doy2001129_aid0001,_500m_16_days_EVI,aid0001,2001-05-09,1617.0,0.0352,0.6053,"(0.0352,0.6053)",0.2986546,0.143592,0.0206187,0.4313,0.6053,0.3088,0.0352,0.1619
MOD13A1_006__500m_16_days_EVI_doy2001145_aid0001,_500m_16_days_EVI,aid0001,2001-05-25,1617.0,0.0661,0.6559,"(0.0661,0.6559)",0.3315374,0.167041,0.0279027,0.4857,0.6559,0.3457,0.0661,0.1636
MOD13A1_006__500m_16_days_EVI_doy2001353_aid0001,_500m_16_days_EVI,aid0001,2001-12-19,1617.0,0.0112,0.4612,"(0.0112,0.4612)",0.2132222,0.1185085,0.0140443,0.3158,0.4612,0.2132,0.0112,0.1045
MOD13A1_006__500m_16_days_EVI_doy2002001_aid0001,_500m_16_days_EVI,aid0001,2002-01-01,1617.0,0.0088,0.4293,"(0.0088,0.4293)",0.1698656,0.0977702,0.009559,0.2554,0.4293,0.1694,0.0088,0.0792
MOD13A1_006__500m_16_days_EVI_doy2002017_aid0001,_500m_16_days_EVI,aid0001,2002-01-17,1617.0,-0.0074,0.4471,"(-0.0074,0.4471)",0.194127,0.1152046,0.0132721,0.2985,0.4471,0.1785,-0.0074,0.0899
MOD13A1_006__500m_16_days_EVI_doy2002033_aid0001,_500m_16_days_EVI,aid0001,2002-02-02,1617.0,-0.0024,0.3706,"(-0.0024,0.3706)",0.1624014,0.0796271,0.0063405,0.2237,0.3706,0.1707,-0.0024,0.0912
MOD13A1_006__500m_16_days_EVI_doy2002049_aid0001,_500m_16_days_EVI,aid0001,2002-02-18,1617.0,0.0198,0.3949,"(0.0198,0.3949)",0.2044782,0.1008829,0.0101774,0.3008,0.3949,0.2105,0.0198,0.1077
MOD13A1_006__500m_16_days_EVI_doy2002065_aid0001,_500m_16_days_EVI,aid0001,2002-03-06,1617.0,0.0136,0.3715,"(0.0136,0.3715)",0.1899069,0.0956028,0.0091399,0.2756,0.3715,0.193,0.0136,0.1011
MOD13A1_006__500m_16_days_EVI_doy2002081_aid0001,_500m_16_days_EVI,aid0001,2002-03-22,1617.0,0.0203,0.4501,"(0.0203,0.4501)",0.1954412,0.0845012,0.0071405,0.2658,0.4501,0.2174,0.0203,0.1147
MOD13A1_006__500m_16_days_EVI_doy2002097_aid0001,_500m_16_days_EVI,aid0001,2002-04-07,1617.0,0.0462,0.4346,"(0.0462,0.4346)",0.2616325,0.1178616,0.0138914,0.3753,0.4346,0.2743,0.0462,0.1496
MOD13A1_006__500m_16_days_EVI_doy2002113_aid0001,_500m_16_days_EVI,aid0001,2002-04-23,1617.0,0.0576,0.5823,"(0.0576,0.5823)",0.2650637,0.1176732,0.013847,0.3674,0.5823,0.2839,0.0576,0.1541
MOD13A1_006__500m_16_days_EVI_doy2002129_aid0001,_500m_16_days_EVI,aid0001,2002-05-09,1617.0,0.0749,0.6298,"(0.0749,0.6298)",0.3326363,0.1550083,0.0240276,0.4834,0.6298,0.3121,0.0749,0.1788
MOD13A1_006__500m_16_days_EVI_doy2002145_aid0001,_500m_16_days_EVI,aid0001,2002-05-25,1617.0,0.0682,0.5929,"(0.0682,0.5929)",0.3037994,0.1332295,0.0177501,0.4204,0.5929,0.3351,0.0682,0.1734
MOD13A1_006__500m_16_days_EVI_doy2002353_aid0001,_500m_16_days_EVI,aid0001,2002-12-19,1617.0,0.0204,0.4212,"(0.0204,0.4212)",0.1893942,0.0949466,0.0090149,0.2679,0.4212,0.1842,0.0204,0.1077
MOD13A1_006__500m_16_days_EVI_doy2003001_aid0001,_500m_16_days_EVI,aid0001,2003-01-01,1617.0,0.015,0.4212,"(0.015,0.4212)",0.1858758,0.0964215,0.0092971,0.2648,0.4212,0.1917,0.015,0.0966
MOD13A1_006__500m_16_days_EVI_doy2003017_aid0001,_500m_16_days_EVI,aid0001,2003-01-17,1617.0,0.0017,0.4712,"(0.0017,0.4712)",0.2086572,0.1109153,0.0123022,0.3088,0.4712,0.2195,0.0017,0.1017
MOD13A1_006__500m_16_days_EVI_doy2003033_aid0001,_500m_16_days_EVI,aid0001,2003-02-02,1617.0,-0.0092,0.4076,"(-0.0092,0.4076)",0.1805494,0.0950734,0.0090389,0.2604,0.4076,0.1942,-0.0092,0.0911
MOD13A1_006__500m_16_days_EVI_doy2003049_aid0001,_500m_16_days_EVI,aid0001,2003-02-18,1617.0,0.0156,0.3046,"(0.0156,0.3046)",0.1581033,0.07697,0.0059244,0.2257,0.3046,0.174,0.0156,0.0812
MOD13A1_006__500m_16_days_EVI_doy2003065_aid0001,_500m_16_days_EVI,aid0001,2003-03-06,1617.0,0.0195,0.4048,"(0.0195,0.4048)",0.171524,0.0812497,0.0066015,0.2215,0.4048,0.1765,0.0195,0.0991
MOD13A1_006__500m_16_days_EVI_doy2003081_aid0001,_500m_16_days_EVI,aid0001,2003-03-22,1617.0,0.0243,0.4032,"(0.0243,0.4032)",0.1820163,0.0893495,0.0079833,0.2304,0.4032,0.18,0.0243,0.1043
MOD13A1_006__500m_16_days_EVI_doy2003097_aid0001,_500m_16_days_EVI,aid0001,2003-04-07,1617.0,0.0329,0.3989,"(0.0329,0.3989)",0.1900254,0.0716195,0.0051294,0.2446,0.3989,0.2111,0.0329,0.1298
MOD13A1_006__500m_16_days_EVI_doy2003113_aid0001,_500m_16_days_EVI,aid0001,2003-04-23,1617.0,0.0579,0.5307,"(0.0579,0.5307)",0.2747792,0.119807,0.0143537,0.3788,0.5307,0.2939,0.0579,0.1651
MOD13A1_006__500m_16_days_EVI_doy2003129_aid0001,_500m_16_days_EVI,aid0001,2003-05-09,1617.0,0.0598,0.6406,"(0.0598,0.6406)",0.3388375,0.1522537,0.0231812,0.4852,0.6406,0.3485,0.0598,0.1833
MOD13A1_006__500m_16_days_EVI_doy2003145_aid0001,_500m_16_days_EVI,aid0001,2003-05-25,1617.0,0.0676,0.6693,"(0.0676,0.6693)",0.3593494,0.174738,0.0305334,0.5186,0.6693,0.372,0.0676,0.1818
MOD13A1_006__500m_16_days_EVI_doy2003353_aid0001,_500m_16_days_EVI,aid0001,2003-12-19,1617.0,0.0008,0.445,"(0.0008,0.445)",0.1797036,0.1014816,0.0102985,0.2541,0.445,0.1937,0.0008,0.087
MOD13A1_006__500m_16_days_EVI_doy2004001_aid0001,_500m_16_days_EVI,aid0001,2004-01-01,1617.0,0.0165,0.3939,"(0.0165,0.3939)",0.1674732,0.0838645,0.0070333,0.2344,0.3939,0.1755,0.0165,0.0918
MOD13A1_006__500m_16_days_EVI_doy2004017_aid0001,_500m_16_days_EVI,aid0001,2004-01-17,1617.0,0.0155,0.4141,"(0.0155,0.4141)",0.1789795,0.0928842,0.0086275,0.261,0.4141,0.1863,0.0155,0.0905
MOD13A1_006__500m_16_days_EVI_doy2004033_aid0001,_500m_16_days_EVI,aid0001,2004-02-02,1617.0,0.0108,0.3818,"(0.0108,0.3818)",0.1838009,0.0979502,0.0095942,0.2714,0.3818,0.1974,0.0108,0.0893
MOD13A1_006__500m_16_days_EVI_doy2004049_aid0001,_500m_16_days_EVI,aid0001,2004-02-18,1617.0,0.0021,0.3715,"(0.0021,0.3715)",0.156568,0.0789283,0.0062297,0.2119,0.3715,0.1681,0.0021,0.0819
MOD13A1_006__500m_16_days_EVI_doy2004065_aid0001,_500m_16_days_EVI,aid0001,2004-03-05,1617.0,0.0168,0.4305,"(0.0168,0.4305)",0.1952609,0.0885136,0.0078347,0.264,0.4305,0.2137,0.0168,0.1139
MOD13A1_006__500m_16_days_EVI_doy2004081_aid0001,_500m_16_days_EVI,aid0001,2004-03-21,1617.0,0.0058,0.4073,"(0.0058,0.4073)",0.2090653,0.0979204,0.0095884,0.2851,0.4073,0.2295,0.0058,0.1179
MOD13A1_006__500m_16_days_EVI_doy2004097_aid0001,_500m_16_days_EVI,aid0001,2004-04-06,1617.0,0.0518,0.4358,"(0.0518,0.4358)",0.2422268,0.1068057,0.0114075,0.3366,0.4358,0.2653,0.0518,0.1406
MOD13A1_006__500m_16_days_EVI_doy2004113_aid0001,_500m_16_days_EVI,aid0001,2004-04-22,1617.0,0.0623,0.5704,"(0.0623,0.5704)",0.3100432,0.1340094,0.0179585,0.4236,0.5704,0.3295,0.0623,0.1828
MOD13A1_006__500m_16_days_EVI_doy2004129_aid0001,_500m_16_days_EVI,aid0001,2004-05-08,1617.0,0.0372,0.5264,"(0.0372,0.5264)",0.2464014,0.1123001,0.0126113,0.3381,0.5264,0.2364,0.0372,0.1468
MOD13A1_006__500m_16_days_EVI_doy2004145_aid0001,_500m_16_days_EVI,aid0001,2004-05-24,1617.0,0.0575,0.7768,"(0.0575,0.7768)",0.3717356,0.2043959,0.0417777,0.5708,0.7768,0.3469,0.0575,0.1739
MOD13A1_006__500m_16_days_EVI_doy2004353_aid0001,_500m_16_days_EVI,aid0001,2004-12-18,1617.0,0.0071,0.4269,"(0.0071,0.4269)",0.1841622,0.097952,0.0095946,0.2636,0.4269,0.1796,0.0071,0.0999
MOD13A1_006__500m_16_days_EVI_doy2005001_aid0001,_500m_16_days_EVI,aid0001,2005-01-01,1617.0,0.0196,0.4823,"(0.0196,0.4823)",0.2161495,0.1197757,0.0143462,0.3166,0.4823,0.1999,0.0196,0.1117
MOD13A1_006__500m_16_days_EVI_doy2005017_aid0001,_500m_16_days_EVI,aid0001,2005-01-17,1617.0,0.0031,0.4276,"(0.0031,0.4276)",0.2067396,0.1126416,0.0126881,0.3104,0.4276,0.2185,0.0031,0.1005
MOD13A1_006__500m_16_days_EVI_doy2005033_aid0001,_500m_16_days_EVI,aid0001,2005-02-02,1617.0,-0.0344,0.4787,"(-0.0344,0.4787)",0.1514541,0.1154442,0.0133274,0.2328,0.4787,0.125,-0.0344,0.0555
MOD13A1_006__500m_16_days_EVI_doy2005049_aid0001,_500m_16_days_EVI,aid0001,2005-02-18,1617.0,0.0262,0.418,"(0.0262,0.418)",0.1945834,0.1017953,0.0103623,0.2873,0.418,0.2067,0.0262,0.0925
MOD13A1_006__500m_16_days_EVI_doy2005065_aid0001,_500m_16_days_EVI,aid0001,2005-03-06,1617.0,0.0134,0.3532,"(0.0134,0.3532)",0.1711803,0.0833055,0.0069398,0.2447,0.3532,0.1908,0.0134,0.0911
MOD13A1_006__500m_16_days_EVI_doy2005081_aid0001,_500m_16_days_EVI,aid0001,2005-03-22,1617.0,0.0043,0.4063,"(0.0043,0.4063)",0.2139216,0.1113019,0.0123881,0.3239,0.4063,0.2135,0.0043,0.1076
MOD13A1_006__500m_16_days_EVI_doy2005097_aid0001,_500m_16_days_EVI,aid0001,2005-04-07,1617.0,0.0463,0.3706,"(0.0463,0.3706)",0.2095685,0.0872089,0.0076054,0.2878,0.3706,0.2304,0.0463,0.1242
MOD13A1_006__500m_16_days_EVI_doy2005113_aid0001,_500m_16_days_EVI,aid0001,2005-04-23,1617.0,0.0123,0.57,"(0.0123,0.57)",0.2822406,0.1333615,0.0177853,0.4021,0.57,0.289,0.0123,0.1517
MOD13A1_006__500m_16_days_EVI_doy2005129_aid0001,_500m_16_days_EVI,aid0001,2005-05-09,1617.0,0.0493,0.7438,"(0.0493,0.7438)",0.3225716,0.1582895,0.0250556,0.4476,0.7438,0.3215,0.0493,0.1743
MOD13A1_006__500m_16_days_EVI_doy2005145_aid0001,_500m_16_days_EVI,aid0001,2005-05-25,1617.0,0.05,0.7347,"(0.05,0.7347)",0.3486746,0.1796917,0.0322891,0.5154,0.7347,0.3613,0.05,0.1764
MOD13A1_006__500m_16_days_EVI_doy2005353_aid0001,_500m_16_days_EVI,aid0001,2005-12-19,1617.0,-0.036,0.4372,"(-0.036,0.4372)",0.1780672,0.0953079,0.0090836,0.2509,0.4372,0.1893,-0.036,0.0938
MOD13A1_006__500m_16_days_EVI_doy2006001_aid0001,_500m_16_days_EVI,aid0001,2006-01-01,1617.0,-0.0052,0.4448,"(-0.0052,0.4448)",0.2042872,0.113597,0.0129043,0.3059,0.4448,0.2203,-0.0052,0.0938
MOD13A1_006__500m_16_days_EVI_doy2006017_aid0001,_500m_16_days_EVI,aid0001,2006-01-17,1617.0,0.0056,0.4834,"(0.0056,0.4834)",0.2504525,0.140234,0.0196656,0.3883,0.4834,0.2524,0.0056,0.116
MOD13A1_006__500m_16_days_EVI_doy2006033_aid0001,_500m_16_days_EVI,aid0001,2006-02-02,1617.0,-0.004,0.3848,"(-0.004,0.3848)",0.1719575,0.0892853,0.0079719,0.2498,0.3848,0.1838,-0.004,0.0882
MOD13A1_006__500m_16_days_EVI_doy2006049_aid0001,_500m_16_days_EVI,aid0001,2006-02-18,1617.0,-0.0082,0.431,"(-0.0082,0.431)",0.2091829,0.1122072,0.0125905,0.314,0.431,0.2254,-0.0082,0.0985
MOD13A1_006__500m_16_days_EVI_doy2006065_aid0001,_500m_16_days_EVI,aid0001,2006-03-06,1617.0,0.0209,0.4089,"(0.0209,0.4089)",0.1852506,0.0986481,0.0097314,0.2439,0.4089,0.1909,0.0209,0.0939
MOD13A1_006__500m_16_days_EVI_doy2006081_aid0001,_500m_16_days_EVI,aid0001,2006-03-22,1617.0,0.0279,0.4266,"(0.0279,0.4266)",0.1842882,0.0786301,0.0061827,0.2475,0.4266,0.1989,0.0279,0.1098
MOD13A1_006__500m_16_days_EVI_doy2006097_aid0001,_500m_16_days_EVI,aid0001,2006-04-07,1617.0,0.0394,0.3974,"(0.0394,0.3974)",0.2048126,0.0954337,0.0091076,0.2965,0.3974,0.2062,0.0394,0.1113
MOD13A1_006__500m_16_days_EVI_doy2006113_aid0001,_500m_16_days_EVI,aid0001,2006-04-23,1617.0,0.0073,0.5088,"(0.0073,0.5088)",0.2577231,0.1091498,0.0119137,0.3459,0.5088,0.2955,0.0073,0.1534
MOD13A1_006__500m_16_days_EVI_doy2006129_aid0001,_500m_16_days_EVI,aid0001,2006-05-09,1617.0,0.0174,0.686,"(0.0174,0.686)",0.3006336,0.1553193,0.0241241,0.4336,0.686,0.2838,0.0174,0.1604
MOD13A1_006__500m_16_days_EVI_doy2006145_aid0001,_500m_16_days_EVI,aid0001,2006-05-25,1617.0,0.0794,0.6497,"(0.0794,0.6497)",0.3382668,0.165368,0.0273466,0.4887,0.6497,0.3527,0.0794,0.1739
MOD13A1_006__500m_16_days_EVI_doy2006353_aid0001,_500m_16_days_EVI,aid0001,2006-12-19,1617.0,0.0161,0.4473,"(0.0161,0.4473)",0.2079278,0.1067128,0.0113876,0.3008,0.4473,0.2172,0.0161,0.1106
MOD13A1_006__500m_16_days_EVI_doy2007001_aid0001,_500m_16_days_EVI,aid0001,2007-01-01,1617.0,0.0161,0.4778,"(0.0161,0.4778)",0.2027577,0.1091523,0.0119142,0.2895,0.4778,0.2109,0.0161,0.0995
MOD13A1_006__500m_16_days_EVI_doy2007017_aid0001,_500m_16_days_EVI,aid0001,2007-01-17,1617.0,0.003,0.4847,"(0.003,0.4847)",0.2076866,0.1191378,0.0141938,0.2957,0.4847,0.2079,0.003,0.1004
MOD13A1_006__500m_16_days_EVI_doy2007033_aid0001,_500m_16_days_EVI,aid0001,2007-02-02,1617.0,0.0231,0.4403,"(0.0231,0.4403)",0.1651458,0.0826582,0.0068324,0.2264,0.4249,0.1746,0.0231,0.0922
MOD13A1_006__500m_16_days_EVI_doy2007049_aid0001,_500m_16_days_EVI,aid0001,2007-02-18,1617.0,0.0307,0.4257,"(0.0307,0.4257)",0.2131894,0.1100882,0.0121194,0.3131,0.4257,0.2159,0.0307,0.1076
MOD13A1_006__500m_16_days_EVI_doy2007065_aid0001,_500m_16_days_EVI,aid0001,2007-03-06,1617.0,0.0133,0.436,"(0.0133,0.436)",0.2038454,0.0973622,0.0094794,0.2899,0.436,0.2001,0.0133,0.1191
MOD13A1_006__500m_16_days_EVI_doy2007081_aid0001,_500m_16_days_EVI,aid0001,2007-03-22,1617.0,-0.0138,0.4216,"(-0.0138,0.4216)",0.2219823,0.1157051,0.0133877,0.333,0.4216,0.2432,-0.0138,0.1099
MOD13A1_006__500m_16_days_EVI_doy2007097_aid0001,_500m_16_days_EVI,aid0001,2007-04-07,1617.0,0.0134,0.3982,"(0.0134,0.3982)",0.1938844,0.0846402,0.007164,0.2587,0.3982,0.2116,0.0134,0.1149
MOD13A1_006__500m_16_days_EVI_doy2007113_aid0001,_500m_16_days_EVI,aid0001,2007-04-23,1617.0,0.0326,0.5606,"(0.0326,0.5606)",0.2902056,0.1303961,0.0170031,0.414,0.5606,0.3054,0.0326,0.1632
MOD13A1_006__500m_16_days_EVI_doy2007129_aid0001,_500m_16_days_EVI,aid0001,2007-05-09,1617.0,0.0482,0.544,"(0.0482,0.544)",0.2838147,0.1273097,0.0162077,0.3891,0.544,0.3086,0.0482,0.1568
MOD13A1_006__500m_16_days_EVI_doy2007145_aid0001,_500m_16_days_EVI,aid0001,2007-05-25,1617.0,0.0415,0.6969,"(0.0415,0.6969)",0.3431239,0.1694989,0.0287299,0.5075,0.6969,0.3343,0.0415,0.1744
MOD13A1_006__500m_16_days_EVI_doy2007353_aid0001,_500m_16_days_EVI,aid0001,2007-12-19,1617.0,0.0072,0.4516,"(0.0072,0.4516)",0.1961262,0.1022115,0.0104472,0.2818,0.4516,0.2064,0.0072,0.1059
MOD13A1_006__500m_16_days_EVI_doy2008001_aid0001,_500m_16_days_EVI,aid0001,2008-01-01,1617.0,0.0005,0.4672,"(0.0005,0.4672)",0.2029704,0.1072567,0.011504,0.2898,0.4672,0.2076,0.0005,0.1084
MOD13A1_006__500m_16_days_EVI_doy2008017_aid0001,_500m_16_days_EVI,aid0001,2008-01-17,1617.0,-0.0042,0.4701,"(-0.0042,0.4701)",0.1636029,0.0882371,0.0077858,0.2371,0.4616,0.1599,-0.0042,0.0861
MOD13A1_006__500m_16_days_EVI_doy2008033_aid0001,_500m_16_days_EVI,aid0001,2008-02-02,1617.0,-0.0114,0.4666,"(-0.0114,0.4666)",0.1420171,0.1236572,0.0152911,0.2434,0.4666,0.1186,-0.0114,0.0228
MOD13A1_006__500m_16_days_EVI_doy2008049_aid0001,_500m_16_days_EVI,aid0001,2008-02-18,1617.0,-0.0199,0.4681,"(-0.0199,0.4681)",0.1913058,0.0999194,0.0099839,0.2813,0.4681,0.2075,-0.0199,0.0954
MOD13A1_006__500m_16_days_EVI_doy2008065_aid0001,_500m_16_days_EVI,aid0001,2008-03-05,1617.0,0.0064,0.4649,"(0.0064,0.4649)",0.1837926,0.1009216,0.0101852,0.2293,0.4258,0.1839,0.0064,0.0983
MOD13A1_006__500m_16_days_EVI_doy2008081_aid0001,_500m_16_days_EVI,aid0001,2008-03-21,1617.0,0.0117,0.4326,"(0.0117,0.4326)",0.1834609,0.0855219,0.007314,0.254,0.4326,0.2031,0.0117,0.1036
MOD13A1_006__500m_16_days_EVI_doy2008097_aid0001,_500m_16_days_EVI,aid0001,2008-04-06,1617.0,0.0395,0.4945,"(0.0395,0.4945)",0.2582066,0.1211556,0.0146787,0.3834,0.4945,0.2573,0.0395,0.1414
MOD13A1_006__500m_16_days_EVI_doy2008113_aid0001,_500m_16_days_EVI,aid0001,2008-04-22,1617.0,0.0621,0.6247,"(0.0621,0.6247)",0.3145162,0.1551395,0.0240683,0.4598,0.6247,0.3165,0.0621,0.1611
MOD13A1_006__500m_16_days_EVI_doy2008129_aid0001,_500m_16_days_EVI,aid0001,2008-05-08,1617.0,0.0732,0.7044,"(0.0732,0.7044)",0.3583552,0.1766352,0.0312,0.5248,0.7044,0.347,0.0732,0.1867
MOD13A1_006__500m_16_days_EVI_doy2008145_aid0001,_500m_16_days_EVI,aid0001,2008-05-24,1617.0,0.0744,0.6941,"(0.0744,0.6941)",0.3546145,0.1783478,0.0318079,0.5147,0.6941,0.377,0.0744,0.172
MOD13A1_006__500m_16_days_EVI_doy2008353_aid0001,_500m_16_days_EVI,aid0001,2008-12-18,1617.0,0.0125,0.4566,"(0.0125,0.4566)",0.1925441,0.1006392,0.0101282,0.2724,0.4566,0.1935,0.0125,0.0982
MOD13A1_006__500m_16_days_EVI_doy2009001_aid0001,_500m_16_days_EVI,aid0001,2009-01-01,1617.0,0.009,0.4566,"(0.009,0.4566)",0.1872631,0.103597,0.0107323,0.2724,0.4566,0.1876,0.009,0.0887
MOD13A1_006__500m_16_days_EVI_doy2009017_aid0001,_500m_16_days_EVI,aid0001,2009-01-17,1617.0,-0.0082,0.5235,"(-0.0082,0.5235)",0.1966796,0.110398,0.0121877,0.2589,0.4807,0.1887,-0.0082,0.1099
MOD13A1_006__500m_16_days_EVI_doy2009033_aid0001,_500m_16_days_EVI,aid0001,2009-02-02,1617.0,-0.0015,0.3806,"(-0.0015,0.3806)",0.1862819,0.0982156,0.0096463,0.272,0.3806,0.2006,-0.0015,0.0905
MOD13A1_006__500m_16_days_EVI_doy2009049_aid0001,_500m_16_days_EVI,aid0001,2009-02-18,1617.0,0.0233,0.4552,"(0.0233,0.4552)",0.1908913,0.0986841,0.0097386,0.2581,0.4552,0.2021,0.0233,0.1001
MOD13A1_006__500m_16_days_EVI_doy2009065_aid0001,_500m_16_days_EVI,aid0001,2009-03-06,1617.0,0.0346,0.4305,"(0.0346,0.4305)",0.1844386,0.0885848,0.0078473,0.2501,0.4305,0.1926,0.0346,0.102
MOD13A1_006__500m_16_days_EVI_doy2009081_aid0001,_500m_16_days_EVI,aid0001,2009-03-22,1617.0,0.0286,0.3892,"(0.0286,0.3892)",0.1747571,0.0722021,0.0052131,0.2282,0.3892,0.194,0.0286,0.1105
MOD13A1_006__500m_16_days_EVI_doy2009097_aid0001,_500m_16_days_EVI,aid0001,2009-04-07,1617.0,0.0428,0.4284,"(0.0428,0.4284)",0.2305476,0.0975933,0.0095244,0.3194,0.4284,0.2476,0.0428,0.1366
MOD13A1_006__500m_16_days_EVI_doy2009113_aid0001,_500m_16_days_EVI,aid0001,2009-04-23,1617.0,-0.0045,0.5532,"(-0.0045,0.5532)",0.2957555,0.1392881,0.0194012,0.4289,0.5532,0.312,-0.0045,0.1567
MOD13A1_006__500m_16_days_EVI_doy2009129_aid0001,_500m_16_days_EVI,aid0001,2009-05-09,1617.0,0.0702,0.6976,"(0.0702,0.6976)",0.3417906,0.1669711,0.0278793,0.4865,0.6976,0.3634,0.0702,0.1788
MOD13A1_006__500m_16_days_EVI_doy2009145_aid0001,_500m_16_days_EVI,aid0001,2009-05-25,1617.0,0.0772,0.7596,"(0.0772,0.7596)",0.3890399,0.2004641,0.0401859,0.5758,0.7596,0.4146,0.0772,0.1842
MOD13A1_006__500m_16_days_EVI_doy2009353_aid0001,_500m_16_days_EVI,aid0001,2009-12-19,1617.0,0.0091,0.4798,"(0.0091,0.4798)",0.1940498,0.1001824,0.0100365,0.2751,0.4798,0.2042,0.0091,0.1023
MOD13A1_006__500m_16_days_EVI_doy2010001_aid0001,_500m_16_days_EVI,aid0001,2010-01-01,1617.0,-0.006,0.5002,"(-0.006,0.5002)",0.2041952,0.1157749,0.0134038,0.3029,0.5002,0.2167,-0.006,0.0941
MOD13A1_006__500m_16_days_EVI_doy2010017_aid0001,_500m_16_days_EVI,aid0001,2010-01-17,1617.0,0.0231,0.5094,"(0.0231,0.5094)",0.2406009,0.1288001,0.0165895,0.3474,0.5094,0.2685,0.0231,0.1118
MOD13A1_006__500m_16_days_EVI_doy2010033_aid0001,_500m_16_days_EVI,aid0001,2010-02-02,1617.0,-0.0253,0.4885,"(-0.0253,0.4885)",0.1569592,0.1191686,0.0142011,0.2574,0.4885,0.1114,-0.0253,0.0604
MOD13A1_006__500m_16_days_EVI_doy2010049_aid0001,_500m_16_days_EVI,aid0001,2010-02-18,1617.0,0.0003,0.505,"(0.0003,0.505)",0.1868474,0.098994,0.0097998,0.2682,0.505,0.2001,0.0003,0.0942
MOD13A1_006__500m_16_days_EVI_doy2010065_aid0001,_500m_16_days_EVI,aid0001,2010-03-06,1617.0,0.0088,0.4024,"(0.0088,0.4024)",0.1943046,0.0931346,0.008674,0.2768,0.4024,0.2197,0.0088,0.0998
MOD13A1_006__500m_16_days_EVI_doy2010081_aid0001,_500m_16_days_EVI,aid0001,2010-03-22,1617.0,0.0143,0.4504,"(0.0143,0.4504)",0.2343187,0.119188,0.0142058,0.3511,0.4504,0.2466,0.0143,0.117
MOD13A1_006__500m_16_days_EVI_doy2010097_aid0001,_500m_16_days_EVI,aid0001,2010-04-07,1617.0,0.0014,0.4463,"(0.0014,0.4463)",0.2342415,0.1076828,0.0115956,0.335,0.4463,0.2552,0.0014,0.124
MOD13A1_006__500m_16_days_EVI_doy2010113_aid0001,_500m_16_days_EVI,aid0001,2010-04-23,1617.0,0.044,0.5238,"(0.044,0.5238)",0.2675953,0.1353893,0.0183303,0.4071,0.5238,0.2641,0.044,0.1425
MOD13A1_006__500m_16_days_EVI_doy2010129_aid0001,_500m_16_days_EVI,aid0001,2010-05-09,1617.0,0.0119,0.5848,"(0.0119,0.5848)",0.3010552,0.1385275,0.0191899,0.421,0.5848,0.3234,0.0119,0.1629
MOD13A1_006__500m_16_days_EVI_doy2010145_aid0001,_500m_16_days_EVI,aid0001,2010-05-25,1617.0,0.0506,0.749,"(0.0506,0.749)",0.3183558,0.1660004,0.0275561,0.4379,0.749,0.326,0.0506,0.1618
MOD13A1_006__500m_16_days_EVI_doy2010353_aid0001,_500m_16_days_EVI,aid0001,2010-12-19,1617.0,-0.0134,0.4525,"(-0.0134,0.4525)",0.2005281,0.1127535,0.0127133,0.2978,0.4525,0.2105,-0.0134,0.097
MOD13A1_006__500m_16_days_EVI_doy2011001_aid0001,_500m_16_days_EVI,aid0001,2011-01-01,1617.0,-0.0168,0.4206,"(-0.0168,0.4206)",0.1731647,0.1066493,0.0113741,0.2605,0.4206,0.1719,-0.0168,0.0731
MOD13A1_006__500m_16_days_EVI_doy2011017_aid0001,_500m_16_days_EVI,aid0001,2011-01-17,1617.0,-0.0049,0.478,"(-0.0049,0.478)",0.1907569,0.1019617,0.0103962,0.2668,0.478,0.205,-0.0049,0.0914
MOD13A1_006__500m_16_days_EVI_doy2011033_aid0001,_500m_16_days_EVI,aid0001,2011-02-02,1617.0,0.0075,0.5233,"(0.0075,0.5233)",0.1943236,0.1135477,0.0128931,0.2818,0.5233,0.2035,0.0075,0.0878
MOD13A1_006__500m_16_days_EVI_doy2011049_aid0001,_500m_16_days_EVI,aid0001,2011-02-18,1617.0,-0.0015,0.4546,"(-0.0015,0.4546)",0.2198445,0.1184814,0.0140378,0.3321,0.4546,0.2313,-0.0015,0.1022
MOD13A1_006__500m_16_days_EVI_doy2011065_aid0001,_500m_16_days_EVI,aid0001,2011-03-06,1617.0,0.032,0.4367,"(0.032,0.4367)",0.2083124,0.1074144,0.0115378,0.3082,0.4367,0.2074,0.032,0.1034
MOD13A1_006__500m_16_days_EVI_doy2011081_aid0001,_500m_16_days_EVI,aid0001,2011-03-22,1617.0,0.001,0.4923,"(0.001,0.4923)",0.2459355,0.122909,0.0151066,0.3676,0.4923,0.2513,0.001,0.1262
MOD13A1_006__500m_16_days_EVI_doy2011097_aid0001,_500m_16_days_EVI,aid0001,2011-04-07,1617.0,0.0414,0.4815,"(0.0414,0.4815)",0.2428219,0.1224449,0.0149928,0.3695,0.4815,0.2274,0.0414,0.1281
MOD13A1_006__500m_16_days_EVI_doy2011113_aid0001,_500m_16_days_EVI,aid0001,2011-04-23,1617.0,0.0326,0.5892,"(0.0326,0.5892)",0.2466287,0.1131415,0.012801,0.3457,0.5892,0.2588,0.0326,0.1341
MOD13A1_006__500m_16_days_EVI_doy2011129_aid0001,_500m_16_days_EVI,aid0001,2011-05-09,1617.0,0.0741,0.6108,"(0.0741,0.6108)",0.3087861,0.1502864,0.022586,0.4437,0.6108,0.3097,0.0741,0.1587
MOD13A1_006__500m_16_days_EVI_doy2011145_aid0001,_500m_16_days_EVI,aid0001,2011-05-25,1617.0,0.0363,0.5406,"(0.0363,0.5406)",0.2137957,0.1154573,0.0133304,0.2859,0.5206,0.1814,0.0363,0.1205
MOD13A1_006__500m_16_days_EVI_doy2011353_aid0001,_500m_16_days_EVI,aid0001,2011-12-19,1617.0,0.0054,0.535,"(0.0054,0.535)",0.1847403,0.1068731,0.0114219,0.2627,0.5027,0.1775,0.0054,0.0943
MOD13A1_006__500m_16_days_EVI_doy2012001_aid0001,_500m_16_days_EVI,aid0001,2012-01-01,1617.0,0.0089,0.439,"(0.0089,0.439)",0.1784394,0.1010022,0.0102014,0.2606,0.439,0.1769,0.0089,0.0862
MOD13A1_006__500m_16_days_EVI_doy2012017_aid0001,_500m_16_days_EVI,aid0001,2012-01-17,1617.0,0.0197,0.5182,"(0.0197,0.5182)",0.2178866,0.1189873,0.014158,0.3318,0.5182,0.2137,0.0197,0.1033
MOD13A1_006__500m_16_days_EVI_doy2012033_aid0001,_500m_16_days_EVI,aid0001,2012-02-02,1617.0,-0.0042,0.5113,"(-0.0042,0.5113)",0.242649,0.1363274,0.0185852,0.3711,0.5113,0.2597,-0.0042,0.1068
MOD13A1_006__500m_16_days_EVI_doy2012049_aid0001,_500m_16_days_EVI,aid0001,2012-02-18,1617.0,-0.0015,0.4938,"(-0.0015,0.4938)",0.2196073,0.1261378,0.0159108,0.3313,0.4938,0.2115,-0.0015,0.1022
MOD13A1_006__500m_16_days_EVI_doy2012065_aid0001,_500m_16_days_EVI,aid0001,2012-03-05,1617.0,0.0074,0.4712,"(0.0074,0.4712)",0.2043108,0.1211723,0.0146827,0.3199,0.4712,0.177,0.0074,0.0993
MOD13A1_006__500m_16_days_EVI_doy2012081_aid0001,_500m_16_days_EVI,aid0001,2012-03-21,1617.0,0.0131,0.4381,"(0.0131,0.4381)",0.1735648,0.0743146,0.0055227,0.2303,0.4145,0.1945,0.0131,0.1051
MOD13A1_006__500m_16_days_EVI_doy2012097_aid0001,_500m_16_days_EVI,aid0001,2012-04-06,1617.0,0.0408,0.4972,"(0.0408,0.4972)",0.2083574,0.0890385,0.0079279,0.287,0.4972,0.2356,0.0408,0.1209
MOD13A1_006__500m_16_days_EVI_doy2012113_aid0001,_500m_16_days_EVI,aid0001,2012-04-22,1617.0,0.0515,0.4932,"(0.0515,0.4932)",0.2916861,0.120049,0.0144118,0.4052,0.4932,0.3249,0.0515,0.1745
MOD13A1_006__500m_16_days_EVI_doy2012129_aid0001,_500m_16_days_EVI,aid0001,2012-05-08,1617.0,0.0124,0.6282,"(0.0124,0.6282)",0.3563289,0.1703253,0.0290107,0.5276,0.6282,0.3501,0.0124,0.1849
MOD13A1_006__500m_16_days_EVI_doy2012145_aid0001,_500m_16_days_EVI,aid0001,2012-05-24,1617.0,0.0679,0.6448,"(0.0679,0.6448)",0.3113603,0.1383482,0.0191402,0.4298,0.6448,0.3255,0.0679,0.1715
MOD13A1_006__500m_16_days_EVI_doy2012353_aid0001,_500m_16_days_EVI,aid0001,2012-12-18,1617.0,0.0149,0.4943,"(0.0149,0.4943)",0.2180622,0.1225168,0.0150104,0.3217,0.4943,0.2218,0.0149,0.1032
MOD13A1_006__500m_16_days_EVI_doy2013001_aid0001,_500m_16_days_EVI,aid0001,2013-01-01,1617.0,-0.011,0.4649,"(-0.011,0.4649)",0.1963912,0.1147138,0.0131592,0.2925,0.4649,0.1811,-0.011,0.0946
MOD13A1_006__500m_16_days_EVI_doy2013017_aid0001,_500m_16_days_EVI,aid0001,2013-01-17,1617.0,0.0086,0.4716,"(0.0086,0.4716)",0.1884488,0.1012633,0.0102543,0.2758,0.4716,0.2033,0.0086,0.0894
MOD13A1_006__500m_16_days_EVI_doy2013033_aid0001,_500m_16_days_EVI,aid0001,2013-02-02,1617.0,-0.0501,0.4405,"(-0.0501,0.4405)",0.1453918,0.0832082,0.0069236,0.2062,0.4092,0.1363,-0.0501,0.0707
MOD13A1_006__500m_16_days_EVI_doy2013049_aid0001,_500m_16_days_EVI,aid0001,2013-02-18,1617.0,-0.0005,0.3941,"(-0.0005,0.3941)",0.1811177,0.08954,0.0080174,0.2568,0.3941,0.2033,-0.0005,0.0915
MOD13A1_006__500m_16_days_EVI_doy2013065_aid0001,_500m_16_days_EVI,aid0001,2013-03-06,1617.0,0.045,0.4236,"(0.045,0.4236)",0.2106618,0.1019052,0.0103847,0.3064,0.4236,0.2274,0.045,0.1083
MOD13A1_006__500m_16_days_EVI_doy2013081_aid0001,_500m_16_days_EVI,aid0001,2013-03-22,1617.0,0.0411,0.4125,"(0.0411,0.4125)",0.2143143,0.1032547,0.0106615,0.3101,0.4125,0.2365,0.0411,0.1118
MOD13A1_006__500m_16_days_EVI_doy2013097_aid0001,_500m_16_days_EVI,aid0001,2013-04-07,1617.0,0.0548,0.4691,"(0.0548,0.4691)",0.2579417,0.1197979,0.0143515,0.3704,0.4691,0.2798,0.0548,0.1348
MOD13A1_006__500m_16_days_EVI_doy2013113_aid0001,_500m_16_days_EVI,aid0001,2013-04-23,1617.0,0.0305,0.5121,"(0.0305,0.5121)",0.2684805,0.1204059,0.0144976,0.3706,0.5121,0.289,0.0305,0.1514
MOD13A1_006__500m_16_days_EVI_doy2013129_aid0001,_500m_16_days_EVI,aid0001,2013-05-09,1617.0,0.0724,0.6437,"(0.0724,0.6437)",0.3223542,0.1548241,0.0239705,0.4557,0.6437,0.3425,0.0724,0.1666
MOD13A1_006__500m_16_days_EVI_doy2013145_aid0001,_500m_16_days_EVI,aid0001,2013-05-25,1617.0,0.06,0.6525,"(0.06,0.6525)",0.3426077,0.1757423,0.0308853,0.5097,0.6525,0.3614,0.06,0.1647
MOD13A1_006__500m_16_days_EVI_doy2013353_aid0001,_500m_16_days_EVI,aid0001,2013-12-19,1617.0,0.0261,0.4782,"(0.0261,0.4782)",0.2337723,0.1313875,0.0172627,0.3562,0.4782,0.2495,0.0261,0.1028
MOD13A1_006__500m_16_days_EVI_doy2014001_aid0001,_500m_16_days_EVI,aid0001,2014-01-01,1617.0,-0.0011,0.5184,"(-0.0011,0.5184)",0.2103277,0.1172864,0.0137561,0.2989,0.5184,0.2211,-0.0011,0.0976
MOD13A1_006__500m_16_days_EVI_doy2014017_aid0001,_500m_16_days_EVI,aid0001,2014-01-17,1617.0,-0.0041,0.4908,"(-0.0041,0.4908)",0.2237759,0.120623,0.0145499,0.3302,0.4908,0.2386,-0.0041,0.1039
MOD13A1_006__500m_16_days_EVI_doy2014033_aid0001,_500m_16_days_EVI,aid0001,2014-02-02,1617.0,0.0118,0.5686,"(0.0118,0.5686)",0.1812961,0.1123224,0.0126163,0.2703,0.5017,0.1509,0.0118,0.0817
MOD13A1_006__500m_16_days_EVI_doy2014049_aid0001,_500m_16_days_EVI,aid0001,2014-02-18,1617.0,0.0231,0.4655,"(0.0231,0.4655)",0.2005676,0.106682,0.0113811,0.2698,0.4655,0.2062,0.0231,0.1035
MOD13A1_006__500m_16_days_EVI_doy2014065_aid0001,_500m_16_days_EVI,aid0001,2014-03-06,1617.0,-0.0042,0.4934,"(-0.0042,0.4934)",0.2093538,0.1053534,0.0110993,0.2799,0.4934,0.2208,-0.0042,0.1104
MOD13A1_006__500m_16_days_EVI_doy2014081_aid0001,_500m_16_days_EVI,aid0001,2014-03-22,1617.0,0.0053,0.4634,"(0.0053,0.4634)",0.2375646,0.1269338,0.0161122,0.3699,0.4634,0.2283,0.0053,0.1166
MOD13A1_006__500m_16_days_EVI_doy2014097_aid0001,_500m_16_days_EVI,aid0001,2014-04-07,1617.0,0.0577,0.4613,"(0.0577,0.4613)",0.2549649,0.1176685,0.0138459,0.3738,0.4613,0.2633,0.0577,0.14
MOD13A1_006__500m_16_days_EVI_doy2014113_aid0001,_500m_16_days_EVI,aid0001,2014-04-23,1617.0,0.0591,0.5714,"(0.0591,0.5714)",0.2853254,0.1306496,0.0170693,0.3893,0.5714,0.3118,0.0591,0.1584
MOD13A1_006__500m_16_days_EVI_doy2014129_aid0001,_500m_16_days_EVI,aid0001,2014-05-09,1617.0,0.0672,0.5919,"(0.0672,0.5919)",0.3000794,0.1448105,0.0209701,0.4309,0.5919,0.318,0.0672,0.1543
MOD13A1_006__500m_16_days_EVI_doy2014145_aid0001,_500m_16_days_EVI,aid0001,2014-05-25,1617.0,0.0388,0.6891,"(0.0388,0.6891)",0.3581657,0.1869121,0.0349361,0.5468,0.6891,0.3492,0.0388,0.1664
MOD13A1_006__500m_16_days_EVI_doy2014353_aid0001,_500m_16_days_EVI,aid0001,2014-12-19,1617.0,-0.0375,0.4937,"(-0.0375,0.4937)",0.1963626,0.1348641,0.0181883,0.3158,0.4937,0.2188,-0.0375,0.0748
MOD13A1_006__500m_16_days_EVI_doy2015001_aid0001,_500m_16_days_EVI,aid0001,2015-01-01,1617.0,-0.0456,0.4352,"(-0.0456,0.4352)",0.1487492,0.1181945,0.0139699,0.2473,0.4352,0.1429,-0.0456,0.0356
MOD13A1_006__500m_16_days_EVI_doy2015017_aid0001,_500m_16_days_EVI,aid0001,2015-01-17,1617.0,-0.0158,0.4566,"(-0.0158,0.4566)",0.184281,0.1100902,0.0121199,0.2739,0.4566,0.1853,-0.0158,0.0823
MOD13A1_006__500m_16_days_EVI_doy2015033_aid0001,_500m_16_days_EVI,aid0001,2015-02-02,1617.0,0.0015,0.5324,"(0.0015,0.5324)",0.1925089,0.1265317,0.0160103,0.2915,0.5324,0.1642,0.0015,0.0816
MOD13A1_006__500m_16_days_EVI_doy2015049_aid0001,_500m_16_days_EVI,aid0001,2015-02-18,1617.0,-0.0047,0.4668,"(-0.0047,0.4668)",0.2573172,0.1327729,0.0176286,0.3845,0.4668,0.2835,-0.0047,0.1194
MOD13A1_006__500m_16_days_EVI_doy2015065_aid0001,_500m_16_days_EVI,aid0001,2015-03-06,1617.0,0.0407,0.3523,"(0.0407,0.3523)",0.1844635,0.0798765,0.0063802,0.256,0.3523,0.2039,0.0407,0.1023
MOD13A1_006__500m_16_days_EVI_doy2015081_aid0001,_500m_16_days_EVI,aid0001,2015-03-22,1617.0,0.0428,0.4026,"(0.0428,0.4026)",0.2155051,0.099878,0.0099756,0.3077,0.4026,0.2319,0.0428,0.1173
MOD13A1_006__500m_16_days_EVI_doy2015097_aid0001,_500m_16_days_EVI,aid0001,2015-04-07,1617.0,0.028,0.4411,"(0.028,0.4411)",0.2516182,0.1166214,0.0136006,0.3703,0.4411,0.258,0.028,0.1369
MOD13A1_006__500m_16_days_EVI_doy2015113_aid0001,_500m_16_days_EVI,aid0001,2015-04-23,1617.0,0.0648,0.6071,"(0.0648,0.6071)",0.2986422,0.1436855,0.0206455,0.4377,0.6071,0.2934,0.0648,0.1628
MOD13A1_006__500m_16_days_EVI_doy2015129_aid0001,_500m_16_days_EVI,aid0001,2015-05-09,1617.0,0.0613,0.68,"(0.0613,0.68)",0.3392259,0.1725064,0.0297585,0.4973,0.68,0.3464,0.0613,0.1655
MOD13A1_006__500m_16_days_EVI_doy2015145_aid0001,_500m_16_days_EVI,aid0001,2015-05-25,1617.0,0.0823,0.7302,"(0.0823,0.7302)",0.3858563,0.1918001,0.0367873,0.5709,0.7302,0.4018,0.0823,0.1891
MOD13A1_006__500m_16_days_EVI_doy2015353_aid0001,_500m_16_days_EVI,aid0001,2015-12-19,1617.0,0.0255,0.5024,"(0.0255,0.5024)",0.2277161,0.1201439,0.0144345,0.3367,0.5024,0.2274,0.0255,0.1141
MOD13A1_006__500m_16_days_EVI_doy2016001_aid0001,_500m_16_days_EVI,aid0001,2016-01-01,1617.0,-0.0093,0.4972,"(-0.0093,0.4972)",0.2103412,0.1104348,0.0121958,0.3014,0.4972,0.2163,-0.0093,0.1048
MOD13A1_006__500m_16_days_EVI_doy2016017_aid0001,_500m_16_days_EVI,aid0001,2016-01-17,1617.0,0.015,0.5041,"(0.015,0.5041)",0.2038275,0.1093141,0.0119496,0.301,0.5041,0.2092,0.015,0.0967
MOD13A1_006__500m_16_days_EVI_doy2016033_aid0001,_500m_16_days_EVI,aid0001,2016-02-02,1617.0,0.006,0.4524,"(0.006,0.4524)",0.2091429,0.109005,0.0118821,0.3068,0.4524,0.2206,0.006,0.1015
MOD13A1_006__500m_16_days_EVI_doy2016049_aid0001,_500m_16_days_EVI,aid0001,2016-02-18,1617.0,0.0326,0.4366,"(0.0326,0.4366)",0.1817312,0.0916989,0.0084087,0.2647,0.4366,0.1883,0.0326,0.0929
MOD13A1_006__500m_16_days_EVI_doy2016065_aid0001,_500m_16_days_EVI,aid0001,2016-03-05,1617.0,0.0324,0.3875,"(0.0324,0.3875)",0.18213,0.0822642,0.0067674,0.252,0.3875,0.2078,0.0324,0.0985
MOD13A1_006__500m_16_days_EVI_doy2016097_aid0001,_500m_16_days_EVI,aid0001,2016-04-06,1617.0,0.0605,0.4535,"(0.0605,0.4535)",0.2470168,0.1079695,0.0116574,0.3475,0.4535,0.2781,0.0605,0.1388
MOD13A1_006__500m_16_days_EVI_doy2016113_aid0001,_500m_16_days_EVI,aid0001,2016-04-22,1617.0,0.0585,0.5433,"(0.0585,0.5433)",0.3056189,0.1390099,0.0193238,0.4306,0.5433,0.3407,0.0585,0.1573
MOD13A1_006__500m_16_days_EVI_doy2016129_aid0001,_500m_16_days_EVI,aid0001,2016-05-08,1617.0,0.0634,0.6464,"(0.0634,0.6464)",0.3482481,0.16977,0.0288219,0.5156,0.6464,0.355,0.0634,0.1767
MOD13A1_006__500m_16_days_EVI_doy2016145_aid0001,_500m_16_days_EVI,aid0001,2016-05-24,1617.0,0.0307,0.6981,"(0.0307,0.6981)",0.3105871,0.1656269,0.0274323,0.444,0.6981,0.287,0.0307,0.1519
MOD13A1_006__500m_16_days_EVI_doy2016353_aid0001,_500m_16_days_EVI,aid0001,2016-12-18,1617.0,-0.0036,0.4655,"(-0.0036,0.4655)",0.2135254,0.1089567,0.0118716,0.3056,0.4655,0.2135,-0.0036,0.1081
MOD13A1_006__500m_16_days_EVI_doy2017001_aid0001,_500m_16_days_EVI,aid0001,2017-01-01,1617.0,-0.0058,0.5186,"(-0.0058,0.5186)",0.2265336,0.1318909,0.0173952,0.3375,0.5186,0.2388,-0.0058,0.1016
MOD13A1_006__500m_16_days_EVI_doy2017017_aid0001,_500m_16_days_EVI,aid0001,2017-01-17,1617.0,0.0309,0.4349,"(0.0309,0.4349)",0.2103908,0.1081358,0.0116934,0.3096,0.4349,0.2175,0.0309,0.1034
MOD13A1_006__500m_16_days_EVI_doy2017033_aid0001,_500m_16_days_EVI,aid0001,2017-02-02,1617.0,0.009,0.431,"(0.009,0.431)",0.1855479,0.087877,0.0077224,0.2597,0.431,0.2073,0.009,0.1026
MOD13A1_006__500m_16_days_EVI_doy2017049_aid0001,_500m_16_days_EVI,aid0001,2017-02-18,1617.0,0.0287,0.5316,"(0.0287,0.5316)",0.194778,0.0888015,0.0078857,0.2648,0.4497,0.2154,0.0287,0.1074
MOD13A1_006__500m_16_days_EVI_doy2017065_aid0001,_500m_16_days_EVI,aid0001,2017-03-06,1617.0,0.009,0.504,"(0.009,0.504)",0.2425968,0.1319586,0.0174131,0.3785,0.504,0.242,0.009,0.1135
MOD13A1_006__500m_16_days_EVI_doy2017081_aid0001,_500m_16_days_EVI,aid0001,2017-03-22,1617.0,0.0443,0.4838,"(0.0443,0.4838)",0.2342517,0.1082846,0.0117256,0.3345,0.4838,0.2531,0.0443,0.1256
MOD13A1_006__500m_16_days_EVI_doy2017097_aid0001,_500m_16_days_EVI,aid0001,2017-04-07,1617.0,0.0537,0.4624,"(0.0537,0.4624)",0.2201935,0.0980614,0.009616,0.2837,0.4624,0.2384,0.0537,0.128
MOD13A1_006__500m_16_days_EVI_doy2017113_aid0001,_500m_16_days_EVI,aid0001,2017-04-23,1617.0,0.0424,0.5193,"(0.0424,0.5193)",0.2627129,0.1161686,0.0134951,0.3634,0.5193,0.2777,0.0424,0.1506
MOD13A1_006__500m_16_days_EVI_doy2017129_aid0001,_500m_16_days_EVI,aid0001,2017-05-09,1617.0,0.0651,0.6562,"(0.0651,0.6562)",0.3489793,0.1742211,0.030353,0.5172,0.6562,0.3709,0.0651,0.174
MOD13A1_006__500m_16_days_EVI_doy2017145_aid0001,_500m_16_days_EVI,aid0001,2017-05-25,1617.0,0.0279,0.7146,"(0.0279,0.7146)",0.3910233,0.2025823,0.0410396,0.5919,0.7146,0.4079,0.0279,0.1827
MOD13A1_006__500m_16_days_EVI_doy2017353_aid0001,_500m_16_days_EVI,aid0001,2017-12-19,1617.0,0.0128,0.5089,"(0.0128,0.5089)",0.2226887,0.1279241,0.0163646,0.3274,0.5089,0.2295,0.0128,0.1009
MOD13A1_006__500m_16_days_EVI_doy2018001_aid0001,_500m_16_days_EVI,aid0001,2018-01-01,1617.0,0.009,0.4929,"(0.009,0.4929)",0.2069392,0.1097077,0.0120358,0.3024,0.4929,0.2144,0.009,0.1016
MOD13A1_006__500m_16_days_EVI_doy2018017_aid0001,_500m_16_days_EVI,aid0001,2018-01-17,1617.0,0.0175,0.566,"(0.0175,0.566)",0.2356305,0.1482555,0.0219797,0.3578,0.566,0.2185,0.0175,0.0989
MOD13A1_006__500m_16_days_EVI_doy2018033_aid0001,_500m_16_days_EVI,aid0001,2018-02-02,1617.0,0.0271,0.4631,"(0.0271,0.4631)",0.2152829,0.1150035,0.0132258,0.3159,0.4631,0.2313,0.0271,0.0982
MOD13A1_006__500m_16_days_EVI_doy2018049_aid0001,_500m_16_days_EVI,aid0001,2018-02-18,1617.0,0.0238,0.5044,"(0.0238,0.5044)",0.2218269,0.1189006,0.0141374,0.3215,0.5044,0.2385,0.0238,0.1032
MOD13A1_006__500m_16_days_EVI_doy2018065_aid0001,_500m_16_days_EVI,aid0001,2018-03-06,1617.0,0.045,0.5066,"(0.045,0.5066)",0.2550914,0.1282015,0.0164356,0.3642,0.5066,0.2761,0.045,0.1238
MOD13A1_006__500m_16_days_EVI_doy2018081_aid0001,_500m_16_days_EVI,aid0001,2018-03-22,1617.0,0.055,0.4665,"(0.055,0.4665)",0.2455025,0.1188271,0.0141199,0.3638,0.4665,0.2377,0.055,0.1245
MOD13A1_006__500m_16_days_EVI_doy2018097_aid0001,_500m_16_days_EVI,aid0001,2018-04-07,1617.0,0.0596,0.5007,"(0.0596,0.5007)",0.2817406,0.1343974,0.0180627,0.4109,0.5007,0.3029,0.0596,0.1402
MOD13A1_006__500m_16_days_EVI_doy2018113_aid0001,_500m_16_days_EVI,aid0001,2018-04-23,1617.0,0.0723,0.5233,"(0.0723,0.5233)",0.3078881,0.1409036,0.0198538,0.4407,0.5233,0.3449,0.0723,0.1607
MOD13A1_006__500m_16_days_EVI_doy2018129_aid0001,_500m_16_days_EVI,aid0001,2018-05-09,1617.0,0.0461,0.6754,"(0.0461,0.6754)",0.3592641,0.1627519,0.0264882,0.5033,0.6754,0.3899,0.0461,0.1993
MOD13A1_006__500m_16_days_EVI_doy2018145_aid0001,_500m_16_days_EVI,aid0001,2018-05-25,1617.0,0.0482,0.7265,"(0.0482,0.7265)",0.3742522,0.1998481,0.0399393,0.5948,0.7265,0.3563,0.0482,0.1775
MOD13A1_006__500m_16_days_EVI_doy2018353_aid0001,_500m_16_days_EVI,aid0001,2018-12-19,1617.0,0.0221,0.5163,"(0.0221,0.5163)",0.2344209,0.1228147,0.0150835,0.345,0.5163,0.2354,0.0221,0.1175
MOD13A1_006__500m_16_days_EVI_doy2019001_aid0001,_500m_16_days_EVI,aid0001,2019-01-01,1617.0,0.0191,0.5004,"(0.0191,0.5004)",0.2164009,0.1104873,0.0122074,0.3,0.5004,0.2241,0.0191,0.1099
MOD13A1_006__500m_16_days_EVI_doy2019017_aid0001,_500m_16_days_EVI,aid0001,2019-01-17,1617.0,0.011,0.4957,"(0.011,0.4957)",0.1990365,0.0969836,0.0094058,0.2718,0.4957,0.216,0.011,0.1087
MOD13A1_006__500m_16_days_EVI_doy2019033_aid0001,_500m_16_days_EVI,aid0001,2019-02-02,1617.0,0.0345,0.5342,"(0.0345,0.5342)",0.242672,0.1260036,0.0158769,0.3521,0.5342,0.2533,0.0345,0.1192
MOD13A1_006__500m_16_days_EVI_doy2019049_aid0001,_500m_16_days_EVI,aid0001,2019-02-18,1617.0,0.0007,0.4362,"(0.0007,0.4362)",0.1755851,0.0864465,0.007473,0.2506,0.4362,0.1999,0.0007,0.0904
MOD13A1_006__500m_16_days_EVI_doy2019065_aid0001,_500m_16_days_EVI,aid0001,2019-03-06,1617.0,0.0268,0.4781,"(0.0268,0.4781)",0.2582374,0.1206786,0.0145633,0.3674,0.4781,0.2834,0.0268,0.1349
MOD13A1_006__500m_16_days_EVI_doy2019081_aid0001,_500m_16_days_EVI,aid0001,2019-03-22,1617.0,0.0283,0.3701,"(0.0283,0.3701)",0.1983003,0.0804183,0.0064671,0.2688,0.3701,0.2238,0.0283,0.1225
MOD13A1_006__500m_16_days_EVI_doy2019097_aid0001,_500m_16_days_EVI,aid0001,2019-04-07,1617.0,0.0211,0.453,"(0.0211,0.453)",0.2254763,0.0967584,0.0093622,0.3091,0.453,0.2507,0.0211,0.1303
MOD13A1_006__500m_16_days_EVI_doy2019113_aid0001,_500m_16_days_EVI,aid0001,2019-04-23,1617.0,0.0684,0.5079,"(0.0684,0.5079)",0.2839533,0.1207713,0.0145857,0.3937,0.5079,0.3107,0.0684,0.1635
MOD13A1_006__500m_16_days_EVI_doy2019129_aid0001,_500m_16_days_EVI,aid0001,2019-05-09,1617.0,0.0456,0.5906,"(0.0456,0.5906)",0.3134419,0.1471521,0.0216538,0.4499,0.5906,0.3485,0.0456,0.1612
MOD13A1_006__500m_16_days_EVI_doy2019145_aid0001,_500m_16_days_EVI,aid0001,2019-05-25,1617.0,0.0935,0.6995,"(0.0935,0.6995)",0.3919004,0.184729,0.0341248,0.5631,0.6995,0.4435,0.0935,0.1971
MOD13A1_006__500m_16_days_EVI_doy2019353_aid0001,_500m_16_days_EVI,aid0001,2019-12-19,1617.0,0.034,0.5031,"(0.034,0.5031)",0.234737,0.1219544,0.0148729,0.3391,0.5031,0.2445,0.034,0.1119
MOD13A1_006__500m_16_days_EVI_doy2020001_aid0001,_500m_16_days_EVI,aid0001,2020-01-01,1617.0,0.0214,0.5507,"(0.0214,0.5507)",0.242509,0.1364815,0.0186272,0.357,0.5507,0.2389,0.0214,0.1082
MOD13A1_006__500m_16_days_EVI_doy2020017_aid0001,_500m_16_days_EVI,aid0001,2020-01-17,1617.0,0.0084,0.424,"(0.0084,0.424)",0.2077004,0.1034819,0.0107085,0.2986,0.424,0.2154,0.0084,0.106
MOD13A1_006__500m_16_days_EVI_doy2020033_aid0001,_500m_16_days_EVI,aid0001,2020-02-02,1617.0,0.0157,0.4534,"(0.0157,0.4534)",0.2005278,0.0962645,0.0092668,0.2808,0.4534,0.2079,0.0157,0.1106
MOD13A1_006__500m_16_days_EVI_doy2020049_aid0001,_500m_16_days_EVI,aid0001,2020-02-18,1617.0,0.0277,0.5058,"(0.0277,0.5058)",0.2518231,0.1206313,0.0145519,0.3631,0.5058,0.2728,0.0277,0.1326
MOD13A1_006__500m_16_days_EVI_doy2020065_aid0001,_500m_16_days_EVI,aid0001,2020-03-05,1617.0,0.0281,0.5448,"(0.0281,0.5448)",0.2210045,0.1074327,0.0115418,0.3179,0.5448,0.2429,0.0281,0.113
MOD13A1_006__500m_16_days_EVI_doy2020081_aid0001,_500m_16_days_EVI,aid0001,2020-03-21,1617.0,0.04,0.4492,"(0.04,0.4492)",0.234016,0.1038513,0.0107851,0.3279,0.4492,0.2558,0.04,0.1284
MOD13A1_006__500m_16_days_EVI_doy2020097_aid0001,_500m_16_days_EVI,aid0001,2020-04-06,1617.0,0.0356,0.524,"(0.0356,0.524)",0.2761912,0.1305714,0.0170489,0.4087,0.524,0.2823,0.0356,0.1498
MOD13A1_006__500m_16_days_EVI_doy2020113_aid0001,_500m_16_days_EVI,aid0001,2020-04-22,1617.0,0.0169,0.6024,"(0.0169,0.6024)",0.3337142,0.160519,0.0257663,0.4893,0.6024,0.3232,0.0169,0.1772
MOD13A1_006__500m_16_days_EVI_doy2020129_aid0001,_500m_16_days_EVI,aid0001,2020-05-08,1617.0,0.0524,0.7373,"(0.0524,0.7373)",0.3767846,0.1813662,0.0328937,0.5523,0.7373,0.409,0.0524,0.1949
MOD13A1_006__500m_16_days_EVI_doy2020145_aid0001,_500m_16_days_EVI,aid0001,2020-05-24,1617.0,0.0567,0.7357,"(0.0567,0.7357)",0.3554785,0.195773,0.0383271,0.5468,0.7357,0.3361,0.0567,0.1547
MOD13A1_006__500m_16_days_EVI_doy2020353_aid0001,_500m_16_days_EVI,aid0001,2020-12-18,1617.0,0.004,0.4946,"(0.004,0.4946)",0.2308997,0.1245975,0.0155245,0.3378,0.4946,0.2481,0.004,0.1073
MOD13A1_006__500m_16_days_EVI_doy2021001_aid0001,_500m_16_days_EVI,aid0001,2021-01-01,1617.0,0.0232,0.5526,"(0.0232,0.5526)",0.2485616,0.1338522,0.0179164,0.3708,0.5526,0.2644,0.0232,0.1134
MOD13A1_006__500m_16_days_EVI_doy2021017_aid0001,_500m_16_days_EVI,aid0001,2021-01-17,1617.0,0.014,0.4603,"(0.014,0.4603)",0.2108714,0.1080662,0.0116783,0.3009,0.4603,0.2221,0.014,0.1104
MOD13A1_006__500m_16_days_EVI_doy2021033_aid0001,_500m_16_days_EVI,aid0001,2021-02-02,1617.0,0.016,0.4685,"(0.016,0.4685)",0.2045575,0.1004885,0.0100979,0.2934,0.4685,0.2179,0.016,0.1075
MOD13A1_006__500m_16_days_EVI_doy2021049_aid0001,_500m_16_days_EVI,aid0001,2021-02-18,1617.0,0.0174,0.4511,"(0.0174,0.4511)",0.204873,0.1006483,0.0101301,0.2912,0.4511,0.2189,0.0174,0.104
MOD13A1_006__500m_16_days_EVI_doy2021065_aid0001,_500m_16_days_EVI,aid0001,2021-03-06,1617.0,0.0446,0.4562,"(0.0446,0.4562)",0.2376139,0.1058602,0.0112064,0.3235,0.4562,0.2571,0.0446,0.1307
MOD13A1_006__500m_16_days_EVI_doy2021081_aid0001,_500m_16_days_EVI,aid0001,2021-03-22,1617.0,0.0302,0.485,"(0.0302,0.485)",0.2639669,0.1300743,0.0169193,0.3969,0.485,0.2574,0.0302,0.1347
MOD13A1_006__500m_16_days_EVI_doy2021097_aid0001,_500m_16_days_EVI,aid0001,2021-04-07,1617.0,0.0484,0.5137,"(0.0484,0.5137)",0.2511646,0.1057863,0.0111907,0.3429,0.5137,0.2815,0.0484,0.1461
MOD13A1_006__500m_16_days_EVI_doy2021113_aid0001,_500m_16_days_EVI,aid0001,2021-04-23,1617.0,0.076,0.594,"(0.076,0.594)",0.3143058,0.1500086,0.0225026,0.4424,0.594,0.3086,0.076,0.1697
MOD13A1_006__500m_16_days_EVI_doy2021129_aid0001,_500m_16_days_EVI,aid0001,2021-05-09,1617.0,0.0433,0.6336,"(0.0433,0.6336)",0.3533955,0.169461,0.028717,0.5249,0.6336,0.3599,0.0433,0.1831
MOD13A1_006__500m_16_days_EVI_doy2021145_aid0001,_500m_16_days_EVI,aid0001,2021-05-25,1617.0,0.0643,0.7056,"(0.0643,0.7056)",0.3787727,0.1839141,0.0338244,0.5526,0.7056,0.4117,0.0643,0.1861
MOD13A1_006__500m_16_days_EVI_doy2021353_aid0001,_500m_16_days_EVI,aid0001,2021-12-19,1617.0,0.0158,0.5014,"(0.0158,0.5014)",0.2191642,0.1083657,0.0117431,0.3104,0.5014,0.2312,0.0158,0.1177
MOD13A1_006__500m_16_days_EVI_doy2022001_aid0001,_500m_16_days_EVI,aid0001,2022-01-01,1617.0,0.0019,0.5954,"(0.0019,0.5954)",0.2276792,0.1203694,0.0144888,0.3296,0.5954,0.2372,0.0019,0.1159
MOD13A1_006__500m_16_days_EVI_doy2022017_aid0001,_500m_16_days_EVI,aid0001,2022-01-17,1617.0,0.0149,0.5908,"(0.0149,0.5908)",0.2860564,0.1653384,0.0273368,0.4402,0.5908,0.2941,0.0149,0.1208
MOD13A1_006__500m_16_days_NDVI_doy2000049_aid0001,_500m_16_days_NDVI,aid0001,2000-02-18,1617.0,-0.0409,0.7784,"(-0.0409,0.7784)",0.3940943,0.2468511,0.0609355,0.6472,0.7784,0.3984,-0.0409,0.1593
MOD13A1_006__500m_16_days_NDVI_doy2000065_aid0001,_500m_16_days_NDVI,aid0001,2000-03-05,1617.0,0.0123,0.7886,"(0.0123,0.7886)",0.4199518,0.2328851,0.0542355,0.6539,0.7886,0.4112,0.0123,0.188
MOD13A1_006__500m_16_days_NDVI_doy2000081_aid0001,_500m_16_days_NDVI,aid0001,2000-03-21,1617.0,0.0643,0.7692,"(0.0643,0.7692)",0.4126907,0.2187319,0.0478436,0.6307,0.7692,0.4102,0.0643,0.1958
MOD13A1_006__500m_16_days_NDVI_doy2000097_aid0001,_500m_16_days_NDVI,aid0001,2000-04-06,1617.0,0.0613,0.7567,"(0.0613,0.7567)",0.4000946,0.2025217,0.041015,0.5884,0.7567,0.4181,0.0613,0.2022
MOD13A1_006__500m_16_days_NDVI_doy2000113_aid0001,_500m_16_days_NDVI,aid0001,2000-04-22,1617.0,0.0146,0.7595,"(0.0146,0.7595)",0.4453823,0.2101961,0.0441824,0.6579,0.7595,0.4637,0.0146,0.2495
MOD13A1_006__500m_16_days_NDVI_doy2000129_aid0001,_500m_16_days_NDVI,aid0001,2000-05-08,1617.0,0.0847,0.8348,"(0.0847,0.8348)",0.4733907,0.2168403,0.0470197,0.698,0.8348,0.4934,0.0847,0.2584
MOD13A1_006__500m_16_days_NDVI_doy2000145_aid0001,_500m_16_days_NDVI,aid0001,2000-05-24,1617.0,0.0495,0.8681,"(0.0495,0.8681)",0.5338537,0.2530305,0.0640244,0.7976,0.8681,0.5584,0.0495,0.2853
MOD13A1_006__500m_16_days_NDVI_doy2000353_aid0001,_500m_16_days_NDVI,aid0001,2000-12-18,1617.0,0.0155,0.8488,"(0.0155,0.8488)",0.4412472,0.247283,0.0611489,0.6896,0.8488,0.4428,0.0155,0.1988
MOD13A1_006__500m_16_days_NDVI_doy2001001_aid0001,_500m_16_days_NDVI,aid0001,2001-01-01,1617.0,-0.0406,0.84,"(-0.0406,0.84)",0.4573,0.2614621,0.0683624,0.7228,0.84,0.4655,-0.0406,0.2102
MOD13A1_006__500m_16_days_NDVI_doy2001017_aid0001,_500m_16_days_NDVI,aid0001,2001-01-17,1617.0,-0.0271,0.8091,"(-0.0271,0.8091)",0.353439,0.2408629,0.0580149,0.6013,0.8091,0.3093,-0.0271,0.1247
MOD13A1_006__500m_16_days_NDVI_doy2001033_aid0001,_500m_16_days_NDVI,aid0001,2001-02-02,1617.0,0.0132,0.884,"(0.0132,0.884)",0.3539267,0.2122845,0.0450647,0.5448,0.884,0.3199,0.0132,0.1656
MOD13A1_006__500m_16_days_NDVI_doy2001049_aid0001,_500m_16_days_NDVI,aid0001,2001-02-18,1617.0,0.028,0.7798,"(0.028,0.7798)",0.4254201,0.2248508,0.0505579,0.6466,0.7798,0.4086,0.028,0.2112
MOD13A1_006__500m_16_days_NDVI_doy2001065_aid0001,_500m_16_days_NDVI,aid0001,2001-03-06,1617.0,0.0731,0.7866,"(0.0731,0.7866)",0.4066997,0.216665,0.0469437,0.624,0.7866,0.3965,0.0731,0.1933
MOD13A1_006__500m_16_days_NDVI_doy2001081_aid0001,_500m_16_days_NDVI,aid0001,2001-03-22,1617.0,0.071,0.758,"(0.071,0.758)",0.4164033,0.2120048,0.0449461,0.6249,0.758,0.4202,0.071,0.2088
MOD13A1_006__500m_16_days_NDVI_doy2001097_aid0001,_500m_16_days_NDVI,aid0001,2001-04-07,1617.0,0.0421,0.7636,"(0.0421,0.7636)",0.4447092,0.2116235,0.0447845,0.6592,0.7636,0.4473,0.0421,0.235
MOD13A1_006__500m_16_days_NDVI_doy2001113_aid0001,_500m_16_days_NDVI,aid0001,2001-04-23,1617.0,0.0604,0.7427,"(0.0604,0.7427)",0.4541766,0.2097826,0.0440088,0.67,0.7427,0.4819,0.0604,0.2542
MOD13A1_006__500m_16_days_NDVI_doy2001129_aid0001,_500m_16_days_NDVI,aid0001,2001-05-09,1617.0,0.0457,0.8493,"(0.0457,0.8493)",0.5178848,0.2359585,0.0556764,0.7441,0.8493,0.541,0.0457,0.2938
MOD13A1_006__500m_16_days_NDVI_doy2001145_aid0001,_500m_16_days_NDVI,aid0001,2001-05-25,1617.0,0.0892,0.8765,"(0.0892,0.8765)",0.5162371,0.2410893,0.0581241,0.7602,0.8765,0.5309,0.0892,0.2746
MOD13A1_006__500m_16_days_NDVI_doy2001353_aid0001,_500m_16_days_NDVI,aid0001,2001-12-19,1617.0,0.0266,0.8386,"(0.0266,0.8386)",0.4618469,0.2224957,0.0495043,0.6797,0.8386,0.4835,0.0266,0.2434
MOD13A1_006__500m_16_days_NDVI_doy2002001_aid0001,_500m_16_days_NDVI,aid0001,2002-01-01,1617.0,0.0248,0.8081,"(0.0248,0.8081)",0.4312459,0.2365824,0.0559713,0.6652,0.8081,0.4316,0.0248,0.1974
MOD13A1_006__500m_16_days_NDVI_doy2002017_aid0001,_500m_16_days_NDVI,aid0001,2002-01-17,1617.0,-0.0194,0.8188,"(-0.0194,0.8188)",0.4285987,0.2361666,0.0557747,0.6681,0.8188,0.4541,-0.0194,0.1904
MOD13A1_006__500m_16_days_NDVI_doy2002033_aid0001,_500m_16_days_NDVI,aid0001,2002-02-02,1617.0,-0.0057,0.8102,"(-0.0057,0.8102)",0.4294667,0.2364939,0.0559294,0.6642,0.8102,0.4343,-0.0057,0.1993
MOD13A1_006__500m_16_days_NDVI_doy2002049_aid0001,_500m_16_days_NDVI,aid0001,2002-02-18,1617.0,0.0249,0.7438,"(0.0249,0.7438)",0.4202226,0.2157224,0.0465362,0.637,0.7438,0.4342,0.0249,0.209
MOD13A1_006__500m_16_days_NDVI_doy2002065_aid0001,_500m_16_days_NDVI,aid0001,2002-03-06,1617.0,0.0401,0.7948,"(0.0401,0.7948)",0.4127802,0.2172352,0.0471911,0.6215,0.7948,0.4294,0.0401,0.2018
MOD13A1_006__500m_16_days_NDVI_doy2002081_aid0001,_500m_16_days_NDVI,aid0001,2002-03-22,1617.0,0.0142,0.6915,"(0.0142,0.6915)",0.3925931,0.1848264,0.0341608,0.5621,0.6915,0.4172,0.0142,0.215
MOD13A1_006__500m_16_days_NDVI_doy2002097_aid0001,_500m_16_days_NDVI,aid0001,2002-04-07,1617.0,0.0913,0.7386,"(0.0913,0.7386)",0.4733059,0.2078592,0.0432054,0.6823,0.7386,0.5075,0.0913,0.2769
MOD13A1_006__500m_16_days_NDVI_doy2002113_aid0001,_500m_16_days_NDVI,aid0001,2002-04-23,1617.0,0.063,0.8077,"(0.063,0.8077)",0.4716103,0.2263421,0.0512307,0.7125,0.8077,0.4619,0.063,0.2506
MOD13A1_006__500m_16_days_NDVI_doy2002129_aid0001,_500m_16_days_NDVI,aid0001,2002-05-09,1617.0,0.1186,0.8407,"(0.1186,0.8407)",0.5284358,0.2230219,0.0497388,0.7599,0.8407,0.5447,0.1186,0.3266
MOD13A1_006__500m_16_days_NDVI_doy2002145_aid0001,_500m_16_days_NDVI,aid0001,2002-05-25,1617.0,0.1249,0.8766,"(0.1249,0.8766)",0.5498499,0.2502646,0.0626324,0.8099,0.8766,0.5788,0.1249,0.3043
MOD13A1_006__500m_16_days_NDVI_doy2002353_aid0001,_500m_16_days_NDVI,aid0001,2002-12-19,1617.0,0.068,0.8463,"(0.068,0.8463)",0.4434756,0.2226934,0.0495923,0.6465,0.8463,0.4523,0.068,0.2353
MOD13A1_006__500m_16_days_NDVI_doy2003001_aid0001,_500m_16_days_NDVI,aid0001,2003-01-01,1617.0,0.0319,0.8463,"(0.0319,0.8463)",0.4584111,0.2448872,0.0599697,0.7025,0.8463,0.4736,0.0319,0.2177
MOD13A1_006__500m_16_days_NDVI_doy2003017_aid0001,_500m_16_days_NDVI,aid0001,2003-01-17,1617.0,0.0061,0.8116,"(0.0061,0.8116)",0.4332311,0.2371372,0.0562341,0.669,0.8116,0.4295,0.0061,0.1966
MOD13A1_006__500m_16_days_NDVI_doy2003033_aid0001,_500m_16_days_NDVI,aid0001,2003-02-02,1617.0,-0.0232,0.8169,"(-0.0232,0.8169)",0.4307435,0.2491517,0.0620766,0.6777,0.8169,0.4418,-0.0232,0.1885
MOD13A1_006__500m_16_days_NDVI_doy2003049_aid0001,_500m_16_days_NDVI,aid0001,2003-02-18,1617.0,0.0194,0.8011,"(0.0194,0.8011)",0.4246031,0.2431715,0.0591324,0.6702,0.8011,0.4191,0.0194,0.1819
MOD13A1_006__500m_16_days_NDVI_doy2003065_aid0001,_500m_16_days_NDVI,aid0001,2003-03-06,1617.0,0.0519,0.7384,"(0.0519,0.7384)",0.3902834,0.2011978,0.0404805,0.5827,0.7384,0.3871,0.0519,0.1969
MOD13A1_006__500m_16_days_NDVI_doy2003081_aid0001,_500m_16_days_NDVI,aid0001,2003-03-22,1617.0,0.042,0.7101,"(0.042,0.7101)",0.3909999,0.1954053,0.0381832,0.5771,0.7101,0.4026,0.042,0.1998
MOD13A1_006__500m_16_days_NDVI_doy2003097_aid0001,_500m_16_days_NDVI,aid0001,2003-04-07,1617.0,0.0716,0.7498,"(0.0716,0.7498)",0.4361114,0.2021762,0.0408752,0.633,0.7498,0.4431,0.0716,0.2479
MOD13A1_006__500m_16_days_NDVI_doy2003113_aid0001,_500m_16_days_NDVI,aid0001,2003-04-23,1617.0,0.1071,0.8149,"(0.1071,0.8149)",0.5149144,0.2352742,0.0553539,0.7636,0.8149,0.5399,0.1071,0.288
MOD13A1_006__500m_16_days_NDVI_doy2003129_aid0001,_500m_16_days_NDVI,aid0001,2003-05-09,1617.0,0.0559,0.8893,"(0.0559,0.8893)",0.5365976,0.2335123,0.054528,0.7774,0.8893,0.5455,0.0559,0.2974
MOD13A1_006__500m_16_days_NDVI_doy2003145_aid0001,_500m_16_days_NDVI,aid0001,2003-05-25,1617.0,0.139,0.8782,"(0.139,0.8782)",0.5548486,0.2485935,0.0617987,0.8064,0.8782,0.6004,0.139,0.3114
MOD13A1_006__500m_16_days_NDVI_doy2003353_aid0001,_500m_16_days_NDVI,aid0001,2003-12-19,1617.0,0.0012,0.8376,"(0.0012,0.8376)",0.4250904,0.2386895,0.0569727,0.6518,0.8376,0.4319,0.0012,0.1984
MOD13A1_006__500m_16_days_NDVI_doy2004001_aid0001,_500m_16_days_NDVI,aid0001,2004-01-01,1617.0,0.0458,0.8286,"(0.0458,0.8286)",0.4447416,0.235699,0.055554,0.6777,0.8286,0.4313,0.0458,0.2194
MOD13A1_006__500m_16_days_NDVI_doy2004017_aid0001,_500m_16_days_NDVI,aid0001,2004-01-17,1617.0,0.0393,0.8411,"(0.0393,0.8411)",0.4497815,0.2450558,0.0600523,0.6935,0.8411,0.4573,0.0393,0.2061
MOD13A1_006__500m_16_days_NDVI_doy2004033_aid0001,_500m_16_days_NDVI,aid0001,2004-02-02,1617.0,0.0132,0.8526,"(0.0132,0.8526)",0.4574952,0.2581118,0.0666217,0.7179,0.8526,0.4429,0.0132,0.2003
MOD13A1_006__500m_16_days_NDVI_doy2004049_aid0001,_500m_16_days_NDVI,aid0001,2004-02-18,1617.0,0.0064,0.8066,"(0.0064,0.8066)",0.3858183,0.2145454,0.0460297,0.5832,0.8066,0.3756,0.0064,0.1742
MOD13A1_006__500m_16_days_NDVI_doy2004065_aid0001,_500m_16_days_NDVI,aid0001,2004-03-05,1617.0,0.0239,0.7926,"(0.0239,0.7926)",0.4035843,0.2019296,0.0407755,0.5984,0.7926,0.4247,0.0239,0.2074
MOD13A1_006__500m_16_days_NDVI_doy2004081_aid0001,_500m_16_days_NDVI,aid0001,2004-03-21,1617.0,0.0097,0.7507,"(0.0097,0.7507)",0.4272048,0.21171,0.0448211,0.6344,0.7507,0.4386,0.0097,0.2191
MOD13A1_006__500m_16_days_NDVI_doy2004097_aid0001,_500m_16_days_NDVI,aid0001,2004-04-06,1617.0,0.0999,0.7911,"(0.0999,0.7911)",0.4873317,0.2357874,0.0555957,0.7323,0.7911,0.5045,0.0999,0.2619
MOD13A1_006__500m_16_days_NDVI_doy2004113_aid0001,_500m_16_days_NDVI,aid0001,2004-04-22,1617.0,0.0874,0.8538,"(0.0874,0.8538)",0.5321356,0.2423541,0.0587355,0.7895,0.8538,0.5357,0.0874,0.3081
MOD13A1_006__500m_16_days_NDVI_doy2004129_aid0001,_500m_16_days_NDVI,aid0001,2004-05-08,1617.0,0.0735,0.875,"(0.0735,0.875)",0.3851614,0.17307,0.0299532,0.5333,0.875,0.3598,0.0735,0.2367
MOD13A1_006__500m_16_days_NDVI_doy2004145_aid0001,_500m_16_days_NDVI,aid0001,2004-05-24,1617.0,0.0536,0.8884,"(0.0536,0.8884)",0.5550177,0.2544484,0.064744,0.8137,0.8884,0.5703,0.0536,0.3025
MOD13A1_006__500m_16_days_NDVI_doy2004353_aid0001,_500m_16_days_NDVI,aid0001,2004-12-18,1617.0,0.0097,0.8505,"(0.0097,0.8505)",0.4354263,0.2301949,0.0529897,0.6661,0.8505,0.4313,0.0097,0.224
MOD13A1_006__500m_16_days_NDVI_doy2005001_aid0001,_500m_16_days_NDVI,aid0001,2005-01-01,1617.0,0.0441,0.8587,"(0.0441,0.8587)",0.4657346,0.2384456,0.0568563,0.7091,0.8587,0.4701,0.0441,0.2386
MOD13A1_006__500m_16_days_NDVI_doy2005017_aid0001,_500m_16_days_NDVI,aid0001,2005-01-17,1617.0,0.05,0.8232,"(0.05,0.8232)",0.4575482,0.2483415,0.0616735,0.7119,0.8232,0.4703,0.05,0.2155
MOD13A1_006__500m_16_days_NDVI_doy2005033_aid0001,_500m_16_days_NDVI,aid0001,2005-02-02,1617.0,-0.0832,0.866,"(-0.0832,0.866)",0.2531289,0.2105392,0.0443268,0.3939,0.866,0.1886,-0.0832,0.0749
MOD13A1_006__500m_16_days_NDVI_doy2005049_aid0001,_500m_16_days_NDVI,aid0001,2005-02-18,1617.0,0.0493,0.8089,"(0.0493,0.8089)",0.4499385,0.2431149,0.0591049,0.7034,0.8089,0.4308,0.0493,0.2117
MOD13A1_006__500m_16_days_NDVI_doy2005065_aid0001,_500m_16_days_NDVI,aid0001,2005-03-06,1617.0,0.0266,0.812,"(0.0266,0.812)",0.4267907,0.2482625,0.0616343,0.6795,0.812,0.433,0.0266,0.1748
MOD13A1_006__500m_16_days_NDVI_doy2005081_aid0001,_500m_16_days_NDVI,aid0001,2005-03-22,1617.0,0.0052,0.7682,"(0.0052,0.7682)",0.4045806,0.2196064,0.048227,0.6285,0.7682,0.3979,0.0052,0.1925
MOD13A1_006__500m_16_days_NDVI_doy2005097_aid0001,_500m_16_days_NDVI,aid0001,2005-04-07,1617.0,0.0829,0.7439,"(0.0829,0.7439)",0.4287801,0.2095251,0.0439008,0.6364,0.7439,0.4274,0.0829,0.223
MOD13A1_006__500m_16_days_NDVI_doy2005113_aid0001,_500m_16_days_NDVI,aid0001,2005-04-23,1617.0,0.0565,0.8274,"(0.0565,0.8274)",0.5051431,0.2449447,0.0599979,0.7665,0.8274,0.5083,0.0565,0.266
MOD13A1_006__500m_16_days_NDVI_doy2005129_aid0001,_500m_16_days_NDVI,aid0001,2005-05-09,1617.0,0.0671,0.8789,"(0.0671,0.8789)",0.5339955,0.2531018,0.0640605,0.7908,0.8789,0.5406,0.0671,0.2805
MOD13A1_006__500m_16_days_NDVI_doy2005145_aid0001,_500m_16_days_NDVI,aid0001,2005-05-25,1617.0,0.0983,0.9058,"(0.0983,0.9058)",0.54523,0.2598594,0.0675269,0.8097,0.9058,0.565,0.0983,0.2904
MOD13A1_006__500m_16_days_NDVI_doy2005353_aid0001,_500m_16_days_NDVI,aid0001,2005-12-19,1617.0,-0.1215,0.8635,"(-0.1215,0.8635)",0.4506361,0.2361166,0.0557511,0.6776,0.8635,0.4846,-0.1215,0.2332
MOD13A1_006__500m_16_days_NDVI_doy2006001_aid0001,_500m_16_days_NDVI,aid0001,2006-01-01,1617.0,-0.0225,0.7967,"(-0.0225,0.7967)",0.444856,0.2351806,0.0553099,0.6802,0.7967,0.4688,-0.0225,0.2115
MOD13A1_006__500m_16_days_NDVI_doy2006017_aid0001,_500m_16_days_NDVI,aid0001,2006-01-17,1617.0,0.0108,0.7735,"(0.0108,0.7735)",0.421916,0.240378,0.0577816,0.6662,0.7735,0.4188,0.0108,0.1979
MOD13A1_006__500m_16_days_NDVI_doy2006033_aid0001,_500m_16_days_NDVI,aid0001,2006-02-02,1617.0,-0.0112,0.8516,"(-0.0112,0.8516)",0.4395122,0.2538894,0.0644598,0.6996,0.8516,0.43,-0.0112,0.1931
MOD13A1_006__500m_16_days_NDVI_doy2006049_aid0001,_500m_16_days_NDVI,aid0001,2006-02-18,1617.0,-0.0073,0.7736,"(-0.0073,0.7736)",0.4175351,0.2302226,0.0530024,0.6491,0.7736,0.4242,-0.0073,0.1923
MOD13A1_006__500m_16_days_NDVI_doy2006065_aid0001,_500m_16_days_NDVI,aid0001,2006-03-06,1617.0,0.0452,0.7521,"(0.0452,0.7521)",0.4125536,0.2241058,0.0502234,0.633,0.7521,0.4253,0.0452,0.1824
MOD13A1_006__500m_16_days_NDVI_doy2006081_aid0001,_500m_16_days_NDVI,aid0001,2006-03-22,1617.0,0.0649,0.7872,"(0.0649,0.7872)",0.4441656,0.2291051,0.0524891,0.6712,0.7872,0.4596,0.0649,0.2121
MOD13A1_006__500m_16_days_NDVI_doy2006097_aid0001,_500m_16_days_NDVI,aid0001,2006-04-07,1617.0,0.0528,0.7739,"(0.0528,0.7739)",0.4404413,0.2180995,0.0475674,0.6609,0.7739,0.4439,0.0528,0.2264
MOD13A1_006__500m_16_days_NDVI_doy2006113_aid0001,_500m_16_days_NDVI,aid0001,2006-04-23,1617.0,0.0226,0.7679,"(0.0226,0.7679)",0.4258521,0.1875297,0.0351674,0.587,0.7679,0.4554,0.0226,0.2429
MOD13A1_006__500m_16_days_NDVI_doy2006129_aid0001,_500m_16_days_NDVI,aid0001,2006-05-09,1617.0,0.0141,0.8918,"(0.0141,0.8918)",0.4375896,0.2180511,0.0475463,0.5934,0.8918,0.424,0.0141,0.2439
MOD13A1_006__500m_16_days_NDVI_doy2006145_aid0001,_500m_16_days_NDVI,aid0001,2006-05-25,1617.0,0.1358,0.893,"(0.1358,0.893)",0.5525276,0.2587583,0.0669558,0.819,0.893,0.577,0.1358,0.2994
MOD13A1_006__500m_16_days_NDVI_doy2006353_aid0001,_500m_16_days_NDVI,aid0001,2006-12-19,1617.0,0.0521,0.8426,"(0.0521,0.8426)",0.4788617,0.2383033,0.0567885,0.7086,0.8426,0.5078,0.0521,0.2449
MOD13A1_006__500m_16_days_NDVI_doy2007001_aid0001,_500m_16_days_NDVI,aid0001,2007-01-01,1617.0,0.0514,0.8261,"(0.0514,0.8261)",0.4639867,0.2381334,0.0567075,0.6986,0.8261,0.4877,0.0514,0.2335
MOD13A1_006__500m_16_days_NDVI_doy2007017_aid0001,_500m_16_days_NDVI,aid0001,2007-01-17,1617.0,0.0066,0.8017,"(0.0066,0.8017)",0.4277643,0.2338281,0.0546756,0.6421,0.8017,0.4466,0.0066,0.2005
MOD13A1_006__500m_16_days_NDVI_doy2007033_aid0001,_500m_16_days_NDVI,aid0001,2007-02-02,1617.0,0.0568,0.7818,"(0.0568,0.7818)",0.4233744,0.2209451,0.0488167,0.6436,0.7818,0.4405,0.0568,0.2137
MOD13A1_006__500m_16_days_NDVI_doy2007049_aid0001,_500m_16_days_NDVI,aid0001,2007-02-18,1617.0,0.0538,0.8118,"(0.0538,0.8118)",0.4537917,0.2398077,0.0575077,0.6978,0.8118,0.4596,0.0538,0.2182
MOD13A1_006__500m_16_days_NDVI_doy2007065_aid0001,_500m_16_days_NDVI,aid0001,2007-03-06,1617.0,0.0097,0.7651,"(0.0097,0.7651)",0.4129591,0.2018686,0.0407509,0.6062,0.7651,0.4415,0.0097,0.2181
MOD13A1_006__500m_16_days_NDVI_doy2007081_aid0001,_500m_16_days_NDVI,aid0001,2007-03-22,1617.0,-0.0508,0.7602,"(-0.0508,0.7602)",0.4204743,0.2178128,0.0474424,0.6309,0.7602,0.4369,-0.0508,0.2155
MOD13A1_006__500m_16_days_NDVI_doy2007097_aid0001,_500m_16_days_NDVI,aid0001,2007-04-07,1617.0,0.0372,0.8424,"(0.0372,0.8424)",0.4437045,0.2263676,0.0512423,0.6682,0.8424,0.4442,0.0372,0.2191
MOD13A1_006__500m_16_days_NDVI_doy2007113_aid0001,_500m_16_days_NDVI,aid0001,2007-04-23,1617.0,0.0456,0.8085,"(0.0456,0.8085)",0.4938429,0.2188237,0.0478838,0.7143,0.8085,0.5188,0.0456,0.2806
MOD13A1_006__500m_16_days_NDVI_doy2007129_aid0001,_500m_16_days_NDVI,aid0001,2007-05-09,1617.0,0.1076,0.8758,"(0.1076,0.8758)",0.5333139,0.2499593,0.0624797,0.7935,0.8758,0.5487,0.1076,0.2896
MOD13A1_006__500m_16_days_NDVI_doy2007145_aid0001,_500m_16_days_NDVI,aid0001,2007-05-25,1617.0,0.0578,0.8731,"(0.0578,0.8731)",0.5023329,0.236162,0.0557725,0.7478,0.8731,0.5035,0.0578,0.2656
MOD13A1_006__500m_16_days_NDVI_doy2007353_aid0001,_500m_16_days_NDVI,aid0001,2007-12-19,1617.0,0.049,0.8587,"(0.049,0.8587)",0.4908732,0.2485004,0.0617525,0.7357,0.8587,0.5302,0.049,0.2461
MOD13A1_006__500m_16_days_NDVI_doy2008001_aid0001,_500m_16_days_NDVI,aid0001,2008-01-01,1617.0,0.0019,0.8524,"(0.0019,0.8524)",0.4662043,0.2456052,0.0603219,0.7043,0.8524,0.4934,0.0019,0.2193
MOD13A1_006__500m_16_days_NDVI_doy2008017_aid0001,_500m_16_days_NDVI,aid0001,2008-01-17,1617.0,-0.0037,0.8424,"(-0.0037,0.8424)",0.3816015,0.225604,0.0508972,0.6024,0.8424,0.3259,-0.0037,0.1801
MOD13A1_006__500m_16_days_NDVI_doy2008033_aid0001,_500m_16_days_NDVI,aid0001,2008-02-02,1617.0,-0.0181,0.8213,"(-0.0181,0.8213)",0.2479322,0.2331748,0.0543705,0.423,0.8213,0.1908,-0.0181,0.03
MOD13A1_006__500m_16_days_NDVI_doy2008049_aid0001,_500m_16_days_NDVI,aid0001,2008-02-18,1617.0,-0.0306,0.8149,"(-0.0306,0.8149)",0.4430246,0.2433997,0.0592434,0.6896,0.8149,0.4472,-0.0306,0.2037
MOD13A1_006__500m_16_days_NDVI_doy2008065_aid0001,_500m_16_days_NDVI,aid0001,2008-03-05,1617.0,0.016,0.8304,"(0.016,0.8304)",0.3880732,0.2054009,0.0421895,0.5585,0.8304,0.3842,0.016,0.1919
MOD13A1_006__500m_16_days_NDVI_doy2008081_aid0001,_500m_16_days_NDVI,aid0001,2008-03-21,1617.0,0.0171,0.8086,"(0.0171,0.8086)",0.4252185,0.2349647,0.0552084,0.6599,0.8086,0.4317,0.0171,0.1922
MOD13A1_006__500m_16_days_NDVI_doy2008097_aid0001,_500m_16_days_NDVI,aid0001,2008-04-06,1617.0,0.0605,0.8285,"(0.0605,0.8285)",0.4538169,0.2196713,0.0482555,0.6585,0.8285,0.4618,0.0605,0.2355
MOD13A1_006__500m_16_days_NDVI_doy2008113_aid0001,_500m_16_days_NDVI,aid0001,2008-04-22,1617.0,0.1,0.83,"(0.1,0.83)",0.50962,0.2378304,0.0565633,0.7598,0.83,0.5248,0.1,0.2762
MOD13A1_006__500m_16_days_NDVI_doy2008129_aid0001,_500m_16_days_NDVI,aid0001,2008-05-08,1617.0,0.1217,0.871,"(0.1217,0.871)",0.544151,0.2459288,0.060481,0.7943,0.871,0.5617,0.1217,0.3048
MOD13A1_006__500m_16_days_NDVI_doy2008145_aid0001,_500m_16_days_NDVI,aid0001,2008-05-24,1617.0,0.123,0.8942,"(0.123,0.8942)",0.5514808,0.2638978,0.0696421,0.8148,0.8942,0.5944,0.123,0.2817
MOD13A1_006__500m_16_days_NDVI_doy2008353_aid0001,_500m_16_days_NDVI,aid0001,2008-12-18,1617.0,0.056,0.8439,"(0.056,0.8439)",0.4487839,0.2247399,0.050508,0.6585,0.8439,0.4654,0.056,0.2314
MOD13A1_006__500m_16_days_NDVI_doy2009001_aid0001,_500m_16_days_NDVI,aid0001,2009-01-01,1617.0,0.0424,0.8373,"(0.0424,0.8373)",0.4246868,0.2226389,0.0495681,0.6427,0.8373,0.4276,0.0424,0.2096
MOD13A1_006__500m_16_days_NDVI_doy2009017_aid0001,_500m_16_days_NDVI,aid0001,2009-01-17,1617.0,-0.0586,0.8512,"(-0.0586,0.8512)",0.4330483,0.2294781,0.0526602,0.6621,0.8512,0.4428,-0.0586,0.2122
MOD13A1_006__500m_16_days_NDVI_doy2009033_aid0001,_500m_16_days_NDVI,aid0001,2009-02-02,1617.0,-0.0052,0.785,"(-0.0052,0.785)",0.427161,0.238393,0.0568312,0.6653,0.785,0.4471,-0.0052,0.1914
MOD13A1_006__500m_16_days_NDVI_doy2009049_aid0001,_500m_16_days_NDVI,aid0001,2009-02-18,1617.0,0.0273,0.7843,"(0.0273,0.7843)",0.4389036,0.2316103,0.0536433,0.6727,0.7843,0.4633,0.0273,0.2088
MOD13A1_006__500m_16_days_NDVI_doy2009065_aid0001,_500m_16_days_NDVI,aid0001,2009-03-06,1617.0,0.0523,0.7443,"(0.0523,0.7443)",0.3870994,0.1992193,0.0396883,0.567,0.7443,0.4156,0.0523,0.1925
MOD13A1_006__500m_16_days_NDVI_doy2009081_aid0001,_500m_16_days_NDVI,aid0001,2009-03-22,1617.0,0.0415,0.7613,"(0.0415,0.7613)",0.4277748,0.2117335,0.0448311,0.6424,0.7613,0.4266,0.0415,0.2234
MOD13A1_006__500m_16_days_NDVI_doy2009097_aid0001,_500m_16_days_NDVI,aid0001,2009-04-07,1617.0,0.09,0.7766,"(0.09,0.7766)",0.4588399,0.2182371,0.0476274,0.6848,0.7766,0.4607,0.09,0.2459
MOD13A1_006__500m_16_days_NDVI_doy2009113_aid0001,_500m_16_days_NDVI,aid0001,2009-04-23,1617.0,-0.0032,0.7843,"(-0.0032,0.7843)",0.4716019,0.2266372,0.0513644,0.7091,0.7843,0.4904,-0.0032,0.2483
MOD13A1_006__500m_16_days_NDVI_doy2009129_aid0001,_500m_16_days_NDVI,aid0001,2009-05-09,1617.0,0.1024,0.8624,"(0.1024,0.8624)",0.5350806,0.2465805,0.060802,0.7837,0.8624,0.5588,0.1024,0.2909
MOD13A1_006__500m_16_days_NDVI_doy2009145_aid0001,_500m_16_days_NDVI,aid0001,2009-05-25,1617.0,0.1107,0.8908,"(0.1107,0.8908)",0.5362505,0.2567798,0.0659359,0.7923,0.8908,0.5811,0.1107,0.2754
MOD13A1_006__500m_16_days_NDVI_doy2009353_aid0001,_500m_16_days_NDVI,aid0001,2009-12-19,1617.0,0.0294,0.8319,"(0.0294,0.8319)",0.4781631,0.2426821,0.0588946,0.7149,0.8319,0.5075,0.0294,0.2379
MOD13A1_006__500m_16_days_NDVI_doy2010001_aid0001,_500m_16_days_NDVI,aid0001,2010-01-01,1617.0,-0.0148,0.9035,"(-0.0148,0.9035)",0.4227589,0.2509227,0.0629622,0.674,0.9035,0.4532,-0.0148,0.1695
MOD13A1_006__500m_16_days_NDVI_doy2010017_aid0001,_500m_16_days_NDVI,aid0001,2010-01-17,1617.0,0.0545,0.8114,"(0.0545,0.8114)",0.4498936,0.2323589,0.0539907,0.6795,0.8114,0.4884,0.0545,0.2116
MOD13A1_006__500m_16_days_NDVI_doy2010033_aid0001,_500m_16_days_NDVI,aid0001,2010-02-02,1617.0,-0.0242,0.7649,"(-0.0242,0.7649)",0.2329454,0.1810728,0.0327874,0.3526,0.7312,0.1825,-0.0242,0.0826
MOD13A1_006__500m_16_days_NDVI_doy2010049_aid0001,_500m_16_days_NDVI,aid0001,2010-02-18,1617.0,0.0007,0.816,"(0.0007,0.816)",0.4370443,0.2503169,0.0626585,0.6925,0.816,0.4503,0.0007,0.1907
MOD13A1_006__500m_16_days_NDVI_doy2010065_aid0001,_500m_16_days_NDVI,aid0001,2010-03-06,1617.0,0.011,0.7367,"(0.011,0.7367)",0.381678,0.2014261,0.0405725,0.5764,0.7367,0.4154,0.011,0.1779
MOD13A1_006__500m_16_days_NDVI_doy2010081_aid0001,_500m_16_days_NDVI,aid0001,2010-03-22,1617.0,0.0278,0.7699,"(0.0278,0.7699)",0.4307208,0.2193044,0.0480944,0.6477,0.7699,0.4592,0.0278,0.2113
MOD13A1_006__500m_16_days_NDVI_doy2010097_aid0001,_500m_16_days_NDVI,aid0001,2010-04-07,1617.0,0.0028,0.775,"(0.0028,0.775)",0.443923,0.2190309,0.0479745,0.6654,0.775,0.4502,0.0028,0.2286
MOD13A1_006__500m_16_days_NDVI_doy2010113_aid0001,_500m_16_days_NDVI,aid0001,2010-04-23,1617.0,0.0595,0.7698,"(0.0595,0.7698)",0.4822064,0.2092739,0.0437956,0.694,0.7698,0.4957,0.0595,0.277
MOD13A1_006__500m_16_days_NDVI_doy2010129_aid0001,_500m_16_days_NDVI,aid0001,2010-05-09,1617.0,0.0335,0.8601,"(0.0335,0.8601)",0.5131843,0.2426537,0.0588808,0.7618,0.8601,0.5361,0.0335,0.2683
MOD13A1_006__500m_16_days_NDVI_doy2010145_aid0001,_500m_16_days_NDVI,aid0001,2010-05-25,1617.0,0.1111,0.9111,"(0.1111,0.9111)",0.5532337,0.2654895,0.0704847,0.8254,0.9111,0.5644,0.1111,0.2919
MOD13A1_006__500m_16_days_NDVI_doy2010353_aid0001,_500m_16_days_NDVI,aid0001,2010-12-19,1617.0,-0.0187,0.8319,"(-0.0187,0.8319)",0.4631217,0.2628182,0.0690734,0.7275,0.8319,0.4864,-0.0187,0.2132
MOD13A1_006__500m_16_days_NDVI_doy2011001_aid0001,_500m_16_days_NDVI,aid0001,2011-01-01,1617.0,-0.0187,0.8148,"(-0.0187,0.8148)",0.3864171,0.2579289,0.0665273,0.6664,0.8148,0.326,-0.0187,0.1481
MOD13A1_006__500m_16_days_NDVI_doy2011017_aid0001,_500m_16_days_NDVI,aid0001,2011-01-17,1617.0,-0.0095,0.8532,"(-0.0095,0.8532)",0.4645155,0.2504933,0.0627469,0.7226,0.8532,0.4575,-0.0095,0.2163
MOD13A1_006__500m_16_days_NDVI_doy2011033_aid0001,_500m_16_days_NDVI,aid0001,2011-02-02,1617.0,0.0142,0.8,"(0.0142,0.8)",0.4163379,0.2386474,0.0569526,0.6551,0.8,0.4173,0.0142,0.1821
MOD13A1_006__500m_16_days_NDVI_doy2011049_aid0001,_500m_16_days_NDVI,aid0001,2011-02-18,1617.0,-0.0043,0.8367,"(-0.0043,0.8367)",0.4525009,0.2513671,0.0631854,0.711,0.8367,0.4445,-0.0043,0.204
MOD13A1_006__500m_16_days_NDVI_doy2011065_aid0001,_500m_16_days_NDVI,aid0001,2011-03-06,1617.0,0.0281,0.7539,"(0.0281,0.7539)",0.3980741,0.2079261,0.0432333,0.6049,0.7539,0.4012,0.0281,0.1925
MOD13A1_006__500m_16_days_NDVI_doy2011081_aid0001,_500m_16_days_NDVI,aid0001,2011-03-22,1617.0,0.0013,0.7941,"(0.0013,0.7941)",0.4410236,0.2251735,0.0507031,0.6765,0.7941,0.4566,0.0013,0.2208
MOD13A1_006__500m_16_days_NDVI_doy2011097_aid0001,_500m_16_days_NDVI,aid0001,2011-04-07,1617.0,0.0784,0.7655,"(0.0784,0.7655)",0.4263167,0.2098383,0.0440321,0.6408,0.7655,0.4355,0.0784,0.213
MOD13A1_006__500m_16_days_NDVI_doy2011113_aid0001,_500m_16_days_NDVI,aid0001,2011-04-23,1617.0,0.0423,0.882,"(0.0423,0.882)",0.4097519,0.1951812,0.0380957,0.595,0.882,0.4245,0.0423,0.2143
MOD13A1_006__500m_16_days_NDVI_doy2011129_aid0001,_500m_16_days_NDVI,aid0001,2011-05-09,1617.0,0.1312,0.8933,"(0.1312,0.8933)",0.5288958,0.2550833,0.0650675,0.7941,0.8933,0.5099,0.1312,0.275
MOD13A1_006__500m_16_days_NDVI_doy2011145_aid0001,_500m_16_days_NDVI,aid0001,2011-05-25,1617.0,0.0295,0.9053,"(0.0295,0.9053)",0.3299518,0.2356848,0.0555473,0.4298,0.8365,0.2325,0.0295,0.1577
MOD13A1_006__500m_16_days_NDVI_doy2011353_aid0001,_500m_16_days_NDVI,aid0001,2011-12-19,1617.0,0.0143,0.8904,"(0.0143,0.8904)",0.4536379,0.2402406,0.0577156,0.6971,0.8904,0.4399,0.0143,0.2328
MOD13A1_006__500m_16_days_NDVI_doy2012001_aid0001,_500m_16_days_NDVI,aid0001,2012-01-01,1617.0,0.024,0.8465,"(0.024,0.8465)",0.4489607,0.2492693,0.0621352,0.7012,0.8465,0.4564,0.024,0.204
MOD13A1_006__500m_16_days_NDVI_doy2012017_aid0001,_500m_16_days_NDVI,aid0001,2012-01-17,1617.0,0.0371,0.8339,"(0.0371,0.8339)",0.436609,0.2377804,0.0565395,0.6853,0.8339,0.4005,0.0371,0.2052
MOD13A1_006__500m_16_days_NDVI_doy2012033_aid0001,_500m_16_days_NDVI,aid0001,2012-02-02,1617.0,-0.0332,0.8165,"(-0.0332,0.8165)",0.4461542,0.2421369,0.0586303,0.696,0.8165,0.475,-0.0332,0.1984
MOD13A1_006__500m_16_days_NDVI_doy2012049_aid0001,_500m_16_days_NDVI,aid0001,2012-02-18,1617.0,-0.0064,0.8307,"(-0.0064,0.8307)",0.3866108,0.2288438,0.0523695,0.6114,0.8307,0.3617,-0.0064,0.1703
MOD13A1_006__500m_16_days_NDVI_doy2012065_aid0001,_500m_16_days_NDVI,aid0001,2012-03-05,1617.0,0.0108,0.8019,"(0.0108,0.8019)",0.3511003,0.2233713,0.0498947,0.5376,0.8019,0.2879,0.0108,0.1619
MOD13A1_006__500m_16_days_NDVI_doy2012081_aid0001,_500m_16_days_NDVI,aid0001,2012-03-21,1617.0,0.0199,0.7283,"(0.0199,0.7283)",0.4088907,0.1941401,0.0376904,0.6027,0.7283,0.4399,0.0199,0.2168
MOD13A1_006__500m_16_days_NDVI_doy2012097_aid0001,_500m_16_days_NDVI,aid0001,2012-04-06,1617.0,0.0909,0.8046,"(0.0909,0.8046)",0.4530067,0.2274228,0.0517211,0.6847,0.8046,0.453,0.0909,0.2253
MOD13A1_006__500m_16_days_NDVI_doy2012113_aid0001,_500m_16_days_NDVI,aid0001,2012-04-22,1617.0,0.0855,0.7775,"(0.0855,0.7775)",0.4886227,0.2110707,0.0445508,0.7019,0.7775,0.5205,0.0855,0.2744
MOD13A1_006__500m_16_days_NDVI_doy2012129_aid0001,_500m_16_days_NDVI,aid0001,2012-05-08,1617.0,0.0133,0.8454,"(0.0133,0.8454)",0.530304,0.2404028,0.0577935,0.7837,0.8454,0.5432,0.0133,0.2948
MOD13A1_006__500m_16_days_NDVI_doy2012145_aid0001,_500m_16_days_NDVI,aid0001,2012-05-24,1617.0,0.0539,0.8975,"(0.0539,0.8975)",0.5475255,0.2535242,0.0642745,0.8188,0.8975,0.5433,0.0539,0.2903
MOD13A1_006__500m_16_days_NDVI_doy2012353_aid0001,_500m_16_days_NDVI,aid0001,2012-12-18,1617.0,0.0415,0.843,"(0.0415,0.843)",0.4699602,0.2477482,0.0613792,0.7171,0.843,0.5002,0.0415,0.2282
MOD13A1_006__500m_16_days_NDVI_doy2013001_aid0001,_500m_16_days_NDVI,aid0001,2013-01-01,1617.0,-0.0224,0.8753,"(-0.0224,0.8753)",0.4323499,0.2429703,0.0590346,0.6631,0.8753,0.4073,-0.0224,0.2062
MOD13A1_006__500m_16_days_NDVI_doy2013017_aid0001,_500m_16_days_NDVI,aid0001,2013-01-17,1617.0,0.0216,0.8659,"(0.0216,0.8659)",0.4534022,0.2602361,0.0677228,0.7179,0.8659,0.4668,0.0216,0.1928
MOD13A1_006__500m_16_days_NDVI_doy2013033_aid0001,_500m_16_days_NDVI,aid0001,2013-02-02,1617.0,-0.0567,0.8674,"(-0.0567,0.8674)",0.2648133,0.1810701,0.0327864,0.3745,0.7532,0.2136,-0.0567,0.1162
MOD13A1_006__500m_16_days_NDVI_doy2013049_aid0001,_500m_16_days_NDVI,aid0001,2013-02-18,1617.0,-0.0005,0.8119,"(-0.0005,0.8119)",0.4369366,0.2440498,0.0595603,0.6815,0.8119,0.4474,-0.0005,0.1977
MOD13A1_006__500m_16_days_NDVI_doy2013065_aid0001,_500m_16_days_NDVI,aid0001,2013-03-06,1617.0,0.0826,0.8153,"(0.0826,0.8153)",0.4519077,0.2387421,0.0569978,0.7004,0.8153,0.4541,0.0826,0.2088
MOD13A1_006__500m_16_days_NDVI_doy2013081_aid0001,_500m_16_days_NDVI,aid0001,2013-03-22,1617.0,0.0786,0.8056,"(0.0786,0.8056)",0.4474708,0.2353526,0.0553909,0.6913,0.8056,0.4605,0.0786,0.211
MOD13A1_006__500m_16_days_NDVI_doy2013097_aid0001,_500m_16_days_NDVI,aid0001,2013-04-07,1617.0,0.0814,0.7822,"(0.0814,0.7822)",0.4452872,0.212833,0.0452979,0.6452,0.7822,0.4671,0.0814,0.2288
MOD13A1_006__500m_16_days_NDVI_doy2013113_aid0001,_500m_16_days_NDVI,aid0001,2013-04-23,1617.0,0.0912,0.8458,"(0.0912,0.8458)",0.5049013,0.2264775,0.0512921,0.7276,0.8458,0.5238,0.0912,0.2773
MOD13A1_006__500m_16_days_NDVI_doy2013129_aid0001,_500m_16_days_NDVI,aid0001,2013-05-09,1617.0,0.1311,0.8978,"(0.1311,0.8978)",0.5415325,0.2546566,0.06485,0.7984,0.8978,0.5655,0.1311,0.2917
MOD13A1_006__500m_16_days_NDVI_doy2013145_aid0001,_500m_16_days_NDVI,aid0001,2013-05-25,1617.0,0.1087,0.8783,"(0.1087,0.8783)",0.546656,0.2597053,0.0674468,0.814,0.8783,0.5638,0.1087,0.2887
MOD13A1_006__500m_16_days_NDVI_doy2013353_aid0001,_500m_16_days_NDVI,aid0001,2013-12-19,1617.0,0.0755,0.8903,"(0.0755,0.8903)",0.4848743,0.2424919,0.0588023,0.718,0.8903,0.5092,0.0755,0.2385
MOD13A1_006__500m_16_days_NDVI_doy2014001_aid0001,_500m_16_days_NDVI,aid0001,2014-01-01,1617.0,-0.0047,0.8426,"(-0.0047,0.8426)",0.4739364,0.244552,0.0598057,0.7163,0.8426,0.5088,-0.0047,0.2235
MOD13A1_006__500m_16_days_NDVI_doy2014017_aid0001,_500m_16_days_NDVI,aid0001,2014-01-17,1617.0,-0.0101,0.857,"(-0.0101,0.857)",0.4688009,0.2502797,0.0626399,0.7228,0.857,0.489,-0.0101,0.2113
MOD13A1_006__500m_16_days_NDVI_doy2014033_aid0001,_500m_16_days_NDVI,aid0001,2014-02-02,1617.0,0.01,0.8278,"(0.01,0.8278)",0.3077803,0.2075713,0.0430859,0.4626,0.8278,0.2476,0.01,0.1278
MOD13A1_006__500m_16_days_NDVI_doy2014049_aid0001,_500m_16_days_NDVI,aid0001,2014-02-18,1617.0,0.0362,0.8436,"(0.0362,0.8436)",0.4129096,0.2173407,0.047237,0.6239,0.8436,0.4213,0.0362,0.2014
MOD13A1_006__500m_16_days_NDVI_doy2014065_aid0001,_500m_16_days_NDVI,aid0001,2014-03-06,1617.0,-0.0072,0.7735,"(-0.0072,0.7735)",0.4424064,0.2261192,0.0511299,0.6692,0.7735,0.4542,-0.0072,0.226
MOD13A1_006__500m_16_days_NDVI_doy2014081_aid0001,_500m_16_days_NDVI,aid0001,2014-03-22,1617.0,0.0095,0.7717,"(0.0095,0.7717)",0.4468823,0.2280387,0.0520016,0.6773,0.7717,0.4555,0.0095,0.2177
MOD13A1_006__500m_16_days_NDVI_doy2014097_aid0001,_500m_16_days_NDVI,aid0001,2014-04-07,1617.0,0.1052,0.7999,"(0.1052,0.7999)",0.4701089,0.2221119,0.0493337,0.6971,0.7999,0.4744,0.1052,0.2432
MOD13A1_006__500m_16_days_NDVI_doy2014113_aid0001,_500m_16_days_NDVI,aid0001,2014-04-23,1617.0,0.1243,0.8035,"(0.1243,0.8035)",0.4956776,0.2253259,0.0507718,0.7245,0.8035,0.5246,0.1243,0.2696
MOD13A1_006__500m_16_days_NDVI_doy2014129_aid0001,_500m_16_days_NDVI,aid0001,2014-05-09,1617.0,0.0769,0.879,"(0.0769,0.879)",0.5348165,0.2482611,0.0616336,0.7773,0.879,0.5441,0.0769,0.2834
MOD13A1_006__500m_16_days_NDVI_doy2014145_aid0001,_500m_16_days_NDVI,aid0001,2014-05-25,1617.0,0.0358,0.8744,"(0.0358,0.8744)",0.521138,0.2562968,0.065688,0.7821,0.8744,0.5272,0.0358,0.269
MOD13A1_006__500m_16_days_NDVI_doy2014353_aid0001,_500m_16_days_NDVI,aid0001,2014-12-19,1617.0,-0.0631,0.8758,"(-0.0631,0.8758)",0.4256744,0.283094,0.0801422,0.6924,0.8758,0.4839,-0.0631,0.1756
MOD13A1_006__500m_16_days_NDVI_doy2015001_aid0001,_500m_16_days_NDVI,aid0001,2015-01-01,1617.0,-0.0631,0.8922,"(-0.0631,0.8922)",0.2755383,0.2474142,0.0612138,0.452,0.8922,0.2333,-0.0631,0.0462
MOD13A1_006__500m_16_days_NDVI_doy2015017_aid0001,_500m_16_days_NDVI,aid0001,2015-01-17,1617.0,-0.0482,0.821,"(-0.0482,0.821)",0.4189818,0.2538417,0.0644356,0.6788,0.821,0.4177,-0.0482,0.1835
MOD13A1_006__500m_16_days_NDVI_doy2015033_aid0001,_500m_16_days_NDVI,aid0001,2015-02-02,1617.0,0.0045,0.8499,"(0.0045,0.8499)",0.3478398,0.220201,0.0484885,0.5339,0.8499,0.2887,0.0045,0.162
MOD13A1_006__500m_16_days_NDVI_doy2015049_aid0001,_500m_16_days_NDVI,aid0001,2015-02-18,1617.0,-0.0149,0.7979,"(-0.0149,0.7979)",0.4421087,0.2288471,0.052371,0.6743,0.7979,0.4695,-0.0149,0.2105
MOD13A1_006__500m_16_days_NDVI_doy2015065_aid0001,_500m_16_days_NDVI,aid0001,2015-03-06,1617.0,0.0679,0.7747,"(0.0679,0.7747)",0.4204941,0.2199832,0.0483926,0.639,0.7747,0.4268,0.0679,0.2023
MOD13A1_006__500m_16_days_NDVI_doy2015081_aid0001,_500m_16_days_NDVI,aid0001,2015-03-22,1617.0,0.0858,0.8085,"(0.0858,0.8085)",0.4557583,0.2321123,0.0538761,0.6941,0.8085,0.4533,0.0858,0.2217
MOD13A1_006__500m_16_days_NDVI_doy2015097_aid0001,_500m_16_days_NDVI,aid0001,2015-04-07,1617.0,0.0272,0.779,"(0.0272,0.779)",0.4507816,0.2204309,0.0485898,0.6714,0.779,0.4701,0.0272,0.2269
MOD13A1_006__500m_16_days_NDVI_doy2015113_aid0001,_500m_16_days_NDVI,aid0001,2015-04-23,1617.0,0.1172,0.8426,"(0.1172,0.8426)",0.5140886,0.2307257,0.0532344,0.7396,0.8426,0.5296,0.1172,0.2861
MOD13A1_006__500m_16_days_NDVI_doy2015129_aid0001,_500m_16_days_NDVI,aid0001,2015-05-09,1617.0,0.1134,0.8797,"(0.1134,0.8797)",0.5465312,0.2451403,0.0600938,0.7921,0.8797,0.5796,0.1134,0.3005
MOD13A1_006__500m_16_days_NDVI_doy2015145_aid0001,_500m_16_days_NDVI,aid0001,2015-05-25,1617.0,0.1181,0.8993,"(0.1181,0.8993)",0.5571059,0.2588383,0.0669973,0.8207,0.8993,0.5921,0.1181,0.2938
MOD13A1_006__500m_16_days_NDVI_doy2015353_aid0001,_500m_16_days_NDVI,aid0001,2015-12-19,1617.0,0.0603,0.9095,"(0.0603,0.9095)",0.5151058,0.257767,0.0664438,0.7663,0.9095,0.5502,0.0603,0.2515
MOD13A1_006__500m_16_days_NDVI_doy2016001_aid0001,_500m_16_days_NDVI,aid0001,2016-01-01,1617.0,-0.0216,0.8872,"(-0.0216,0.8872)",0.5024101,0.2664007,0.0709693,0.7703,0.8872,0.5264,-0.0216,0.2348
MOD13A1_006__500m_16_days_NDVI_doy2016017_aid0001,_500m_16_days_NDVI,aid0001,2016-01-17,1617.0,0.0669,0.8735,"(0.0669,0.8735)",0.4921637,0.2604826,0.0678512,0.759,0.8735,0.5043,0.0669,0.228
MOD13A1_006__500m_16_days_NDVI_doy2016033_aid0001,_500m_16_days_NDVI,aid0001,2016-02-02,1617.0,0.0174,0.8651,"(0.0174,0.8651)",0.4827629,0.2583187,0.0667286,0.744,0.8651,0.4947,0.0174,0.2239
MOD13A1_006__500m_16_days_NDVI_doy2016049_aid0001,_500m_16_days_NDVI,aid0001,2016-02-18,1617.0,0.0655,0.8421,"(0.0655,0.8421)",0.4605317,0.2514354,0.0632198,0.7172,0.8421,0.4636,0.0655,0.2079
MOD13A1_006__500m_16_days_NDVI_doy2016065_aid0001,_500m_16_days_NDVI,aid0001,2016-03-05,1617.0,0.0488,0.8386,"(0.0488,0.8386)",0.4611067,0.241642,0.0583909,0.7035,0.8386,0.4799,0.0488,0.2159
MOD13A1_006__500m_16_days_NDVI_doy2016097_aid0001,_500m_16_days_NDVI,aid0001,2016-04-06,1617.0,0.0754,0.7988,"(0.0754,0.7988)",0.4812319,0.2231557,0.0497985,0.7072,0.7988,0.5018,0.0754,0.2569
MOD13A1_006__500m_16_days_NDVI_doy2016113_aid0001,_500m_16_days_NDVI,aid0001,2016-04-22,1617.0,0.0976,0.8404,"(0.0976,0.8404)",0.5262486,0.2396869,0.0574498,0.7599,0.8404,0.5688,0.0976,0.2781
MOD13A1_006__500m_16_days_NDVI_doy2016129_aid0001,_500m_16_days_NDVI,aid0001,2016-05-08,1617.0,0.1028,0.8955,"(0.1028,0.8955)",0.5698171,0.2602362,0.0677229,0.8374,0.8955,0.6048,0.1028,0.3153
MOD13A1_006__500m_16_days_NDVI_doy2016145_aid0001,_500m_16_days_NDVI,aid0001,2016-05-24,1617.0,0.0605,0.9643,"(0.0605,0.9643)",0.4641958,0.2419027,0.0585169,0.678,0.9643,0.4252,0.0605,0.2394
MOD13A1_006__500m_16_days_NDVI_doy2016353_aid0001,_500m_16_days_NDVI,aid0001,2016-12-18,1617.0,-0.0162,0.8792,"(-0.0162,0.8792)",0.4954053,0.2651887,0.070325,0.7712,0.8792,0.4933,-0.0162,0.2268
MOD13A1_006__500m_16_days_NDVI_doy2017001_aid0001,_500m_16_days_NDVI,aid0001,2017-01-01,1617.0,-0.0335,0.8963,"(-0.0335,0.8963)",0.5068216,0.2691758,0.0724556,0.7698,0.8963,0.5543,-0.0335,0.2625
MOD13A1_006__500m_16_days_NDVI_doy2017017_aid0001,_500m_16_days_NDVI,aid0001,2017-01-17,1617.0,0.0531,0.8728,"(0.0531,0.8728)",0.4812562,0.2484984,0.0617515,0.7435,0.8728,0.4792,0.0531,0.2349
MOD13A1_006__500m_16_days_NDVI_doy2017033_aid0001,_500m_16_days_NDVI,aid0001,2017-02-02,1617.0,0.0231,0.9587,"(0.0231,0.9587)",0.4613703,0.2383667,0.0568187,0.6987,0.9587,0.491,0.0231,0.2248
MOD13A1_006__500m_16_days_NDVI_doy2017049_aid0001,_500m_16_days_NDVI,aid0001,2017-02-18,1617.0,0.0572,0.8408,"(0.0572,0.8408)",0.4572177,0.2316085,0.0536425,0.6853,0.8408,0.4912,0.0572,0.2265
MOD13A1_006__500m_16_days_NDVI_doy2017065_aid0001,_500m_16_days_NDVI,aid0001,2017-03-06,1617.0,0.0311,0.8391,"(0.0311,0.8391)",0.4633847,0.2516833,0.0633445,0.7252,0.8391,0.4752,0.0311,0.2149
MOD13A1_006__500m_16_days_NDVI_doy2017081_aid0001,_500m_16_days_NDVI,aid0001,2017-03-22,1617.0,0.0896,0.8325,"(0.0896,0.8325)",0.4797826,0.2411946,0.0581749,0.7267,0.8325,0.484,0.0896,0.2332
MOD13A1_006__500m_16_days_NDVI_doy2017097_aid0001,_500m_16_days_NDVI,aid0001,2017-04-07,1617.0,0.0837,0.7895,"(0.0837,0.7895)",0.4541716,0.2117994,0.044859,0.6657,0.7895,0.4793,0.0837,0.2372
MOD13A1_006__500m_16_days_NDVI_doy2017113_aid0001,_500m_16_days_NDVI,aid0001,2017-04-23,1617.0,0.0854,0.8362,"(0.0854,0.8362)",0.5105482,0.233388,0.0544699,0.751,0.8362,0.5311,0.0854,0.2786
MOD13A1_006__500m_16_days_NDVI_doy2017129_aid0001,_500m_16_days_NDVI,aid0001,2017-05-09,1617.0,0.1024,0.8964,"(0.1024,0.8964)",0.5548346,0.2579466,0.0665365,0.82,0.8964,0.5781,0.1024,0.292
MOD13A1_006__500m_16_days_NDVI_doy2017145_aid0001,_500m_16_days_NDVI,aid0001,2017-05-25,1617.0,0.0496,0.9048,"(0.0496,0.9048)",0.5750121,0.2620275,0.0686584,0.8389,0.9048,0.6137,0.0496,0.3106
MOD13A1_006__500m_16_days_NDVI_doy2017353_aid0001,_500m_16_days_NDVI,aid0001,2017-12-19,1617.0,0.0233,0.9079,"(0.0233,0.9079)",0.4866093,0.2689586,0.0723387,0.7634,0.9079,0.4926,0.0233,0.2186
MOD13A1_006__500m_16_days_NDVI_doy2018001_aid0001,_500m_16_days_NDVI,aid0001,2018-01-01,1617.0,0.0345,0.9181,"(0.0345,0.9181)",0.5118379,0.2664171,0.0709781,0.7831,0.9181,0.533,0.0345,0.2402
MOD13A1_006__500m_16_days_NDVI_doy2018017_aid0001,_500m_16_days_NDVI,aid0001,2018-01-17,1617.0,0.0551,0.8837,"(0.0551,0.8837)",0.4648066,0.2417726,0.058454,0.7122,0.8837,0.471,0.0551,0.2264
MOD13A1_006__500m_16_days_NDVI_doy2018033_aid0001,_500m_16_days_NDVI,aid0001,2018-02-02,1617.0,0.0734,0.8452,"(0.0734,0.8452)",0.4778215,0.2550526,0.0650518,0.7366,0.8452,0.4993,0.0734,0.2153
MOD13A1_006__500m_16_days_NDVI_doy2018049_aid0001,_500m_16_days_NDVI,aid0001,2018-02-18,1617.0,0.0657,0.8364,"(0.0657,0.8364)",0.4712696,0.2585987,0.0668733,0.7375,0.8364,0.4849,0.0657,0.2045
MOD13A1_006__500m_16_days_NDVI_doy2018065_aid0001,_500m_16_days_NDVI,aid0001,2018-03-06,1617.0,0.0767,0.8029,"(0.0767,0.8029)",0.4617192,0.2318724,0.0537648,0.6934,0.8029,0.4888,0.0767,0.2167
MOD13A1_006__500m_16_days_NDVI_doy2018081_aid0001,_500m_16_days_NDVI,aid0001,2018-03-22,1617.0,0.0872,0.7913,"(0.0872,0.7913)",0.4475626,0.2155751,0.0464726,0.6663,0.7913,0.4551,0.0872,0.2258
MOD13A1_006__500m_16_days_NDVI_doy2018097_aid0001,_500m_16_days_NDVI,aid0001,2018-04-07,1617.0,0.1132,0.8174,"(0.1132,0.8174)",0.5043811,0.2382806,0.0567776,0.7522,0.8174,0.5198,0.1132,0.2679
MOD13A1_006__500m_16_days_NDVI_doy2018113_aid0001,_500m_16_days_NDVI,aid0001,2018-04-23,1617.0,0.1189,0.8609,"(0.1189,0.8609)",0.5513964,0.2551321,0.0650924,0.8154,0.8609,0.5719,0.1189,0.2877
MOD13A1_006__500m_16_days_NDVI_doy2018129_aid0001,_500m_16_days_NDVI,aid0001,2018-05-09,1617.0,0.0777,0.9003,"(0.0777,0.9003)",0.5732259,0.2507381,0.0628696,0.8176,0.9003,0.6169,0.0777,0.325
MOD13A1_006__500m_16_days_NDVI_doy2018145_aid0001,_500m_16_days_NDVI,aid0001,2018-05-25,1617.0,0.1014,0.8752,"(0.1014,0.8752)",0.5602618,0.2459327,0.0604829,0.8069,0.8752,0.6196,0.1014,0.3091
MOD13A1_006__500m_16_days_NDVI_doy2018353_aid0001,_500m_16_days_NDVI,aid0001,2018-12-19,1617.0,0.0622,0.9067,"(0.0622,0.9067)",0.5039791,0.2442798,0.0596726,0.736,0.9067,0.5461,0.0622,0.2621
MOD13A1_006__500m_16_days_NDVI_doy2019001_aid0001,_500m_16_days_NDVI,aid0001,2019-01-01,1617.0,0.0418,0.9067,"(0.0418,0.9067)",0.5057716,0.2533188,0.0641704,0.7559,0.9067,0.5386,0.0418,0.2523
MOD13A1_006__500m_16_days_NDVI_doy2019017_aid0001,_500m_16_days_NDVI,aid0001,2019-01-17,1617.0,0.0311,0.8192,"(0.0311,0.8192)",0.4648234,0.230122,0.0529561,0.6918,0.8192,0.5067,0.0311,0.2357
MOD13A1_006__500m_16_days_NDVI_doy2019033_aid0001,_500m_16_days_NDVI,aid0001,2019-02-02,1617.0,0.0753,0.846,"(0.0753,0.846)",0.4665687,0.2330484,0.0543115,0.6983,0.846,0.4894,0.0753,0.2324
MOD13A1_006__500m_16_days_NDVI_doy2019049_aid0001,_500m_16_days_NDVI,aid0001,2019-02-18,1617.0,0.0021,0.6936,"(0.0021,0.6936)",0.3733407,0.2123882,0.0451087,0.5852,0.6936,0.3967,0.0021,0.1634
MOD13A1_006__500m_16_days_NDVI_doy2019065_aid0001,_500m_16_days_NDVI,aid0001,2019-03-06,1617.0,0.0425,0.7974,"(0.0425,0.7974)",0.4809873,0.2221292,0.0493414,0.697,0.7974,0.5188,0.0425,0.2588
MOD13A1_006__500m_16_days_NDVI_doy2019081_aid0001,_500m_16_days_NDVI,aid0001,2019-03-22,1617.0,0.0382,0.7723,"(0.0382,0.7723)",0.4361249,0.2124574,0.0451381,0.6439,0.7723,0.4617,0.0382,0.221
MOD13A1_006__500m_16_days_NDVI_doy2019097_aid0001,_500m_16_days_NDVI,aid0001,2019-04-07,1617.0,0.0661,0.7847,"(0.0661,0.7847)",0.4751619,0.2143179,0.0459322,0.6878,0.7847,0.5073,0.0661,0.2593
MOD13A1_006__500m_16_days_NDVI_doy2019113_aid0001,_500m_16_days_NDVI,aid0001,2019-04-23,1617.0,0.1195,0.8618,"(0.1195,0.8618)",0.5343354,0.2438355,0.0594557,0.7882,0.8618,0.545,0.1195,0.2895
MOD13A1_006__500m_16_days_NDVI_doy2019129_aid0001,_500m_16_days_NDVI,aid0001,2019-05-09,1617.0,0.091,0.9115,"(0.091,0.9115)",0.5565692,0.2623643,0.068835,0.8262,0.9115,0.5759,0.091,0.2952
MOD13A1_006__500m_16_days_NDVI_doy2019145_aid0001,_500m_16_days_NDVI,aid0001,2019-05-25,1617.0,0.1356,0.8847,"(0.1356,0.8847)",0.5605434,0.251658,0.0633318,0.8093,0.8847,0.6164,0.1356,0.2977
MOD13A1_006__500m_16_days_NDVI_doy2019353_aid0001,_500m_16_days_NDVI,aid0001,2019-12-19,1617.0,0.0914,0.8547,"(0.0914,0.8547)",0.5117147,0.2457346,0.0603855,0.7563,0.8547,0.5451,0.0914,0.2679
MOD13A1_006__500m_16_days_NDVI_doy2020001_aid0001,_500m_16_days_NDVI,aid0001,2020-01-01,1617.0,0.0332,0.8724,"(0.0332,0.8724)",0.5088031,0.2494175,0.0622091,0.7504,0.8724,0.5545,0.0332,0.252
MOD13A1_006__500m_16_days_NDVI_doy2020017_aid0001,_500m_16_days_NDVI,aid0001,2020-01-17,1617.0,0.0203,0.859,"(0.0203,0.859)",0.4279306,0.2217225,0.0491609,0.6376,0.859,0.4325,0.0203,0.2223
MOD13A1_006__500m_16_days_NDVI_doy2020033_aid0001,_500m_16_days_NDVI,aid0001,2020-02-02,1617.0,0.0157,0.8493,"(0.0157,0.8493)",0.4968339,0.2460849,0.0605578,0.7514,0.8493,0.5018,0.0157,0.2515
MOD13A1_006__500m_16_days_NDVI_doy2020049_aid0001,_500m_16_days_NDVI,aid0001,2020-02-18,1617.0,0.0391,0.8285,"(0.0391,0.8285)",0.4848048,0.2388736,0.0570606,0.7236,0.8285,0.5163,0.0391,0.2477
MOD13A1_006__500m_16_days_NDVI_doy2020065_aid0001,_500m_16_days_NDVI,aid0001,2020-03-05,1617.0,0.07,0.8161,"(0.07,0.8161)",0.4841808,0.2362373,0.0558081,0.7247,0.8161,0.5007,0.07,0.2446
MOD13A1_006__500m_16_days_NDVI_doy2020081_aid0001,_500m_16_days_NDVI,aid0001,2020-03-21,1617.0,0.068,0.8145,"(0.068,0.8145)",0.4749163,0.2314791,0.0535826,0.7102,0.8145,0.49,0.068,0.238
MOD13A1_006__500m_16_days_NDVI_doy2020097_aid0001,_500m_16_days_NDVI,aid0001,2020-04-06,1617.0,0.0526,0.8061,"(0.0526,0.8061)",0.4795328,0.2283941,0.0521638,0.7044,0.8061,0.5039,0.0526,0.2502
MOD13A1_006__500m_16_days_NDVI_doy2020113_aid0001,_500m_16_days_NDVI,aid0001,2020-04-22,1617.0,0.0374,0.8415,"(0.0374,0.8415)",0.5308177,0.230126,0.052958,0.7647,0.8415,0.5496,0.0374,0.3023
MOD13A1_006__500m_16_days_NDVI_doy2020129_aid0001,_500m_16_days_NDVI,aid0001,2020-05-08,1617.0,0.1006,0.8812,"(0.1006,0.8812)",0.5404887,0.2472231,0.0611193,0.7888,0.8812,0.5887,0.1006,0.2949
MOD13A1_006__500m_16_days_NDVI_doy2020145_aid0001,_500m_16_days_NDVI,aid0001,2020-05-24,1617.0,0.12,0.9082,"(0.12,0.9082)",0.5747727,0.2594208,0.0672991,0.8379,0.9082,0.6013,0.12,0.3119
MOD13A1_006__500m_16_days_NDVI_doy2020353_aid0001,_500m_16_days_NDVI,aid0001,2020-12-18,1617.0,0.0162,0.8923,"(0.0162,0.8923)",0.5104946,0.2501782,0.0625892,0.7575,0.8923,0.5628,0.0162,0.2652
MOD13A1_006__500m_16_days_NDVI_doy2021001_aid0001,_500m_16_days_NDVI,aid0001,2021-01-01,1617.0,0.058,0.8445,"(0.058,0.8445)",0.4956761,0.2474216,0.0612174,0.7458,0.8445,0.5409,0.058,0.2491
MOD13A1_006__500m_16_days_NDVI_doy2021017_aid0001,_500m_16_days_NDVI,aid0001,2021-01-17,1617.0,0.0396,0.8637,"(0.0396,0.8637)",0.4962917,0.2588466,0.0670016,0.7609,0.8637,0.5114,0.0396,0.2377
MOD13A1_006__500m_16_days_NDVI_doy2021033_aid0001,_500m_16_days_NDVI,aid0001,2021-02-02,1617.0,0.0354,0.8601,"(0.0354,0.8601)",0.4796649,0.2534588,0.0642414,0.7425,0.8601,0.4944,0.0354,0.225
MOD13A1_006__500m_16_days_NDVI_doy2021049_aid0001,_500m_16_days_NDVI,aid0001,2021-02-18,1617.0,0.0822,0.8482,"(0.0822,0.8482)",0.4747759,0.2526654,0.0638398,0.7349,0.8482,0.4722,0.0822,0.2146
MOD13A1_006__500m_16_days_NDVI_doy2021065_aid0001,_500m_16_days_NDVI,aid0001,2021-03-06,1617.0,0.0542,0.7839,"(0.0542,0.7839)",0.458534,0.2175611,0.0473329,0.6731,0.7839,0.4917,0.0542,0.2377
MOD13A1_006__500m_16_days_NDVI_doy2021081_aid0001,_500m_16_days_NDVI,aid0001,2021-03-22,1617.0,0.0985,0.8196,"(0.0985,0.8196)",0.476427,0.2257379,0.0509576,0.7055,0.8196,0.4882,0.0985,0.2465
MOD13A1_006__500m_16_days_NDVI_doy2021097_aid0001,_500m_16_days_NDVI,aid0001,2021-04-07,1617.0,0.0904,0.8377,"(0.0904,0.8377)",0.5075006,0.2278523,0.0519167,0.7442,0.8377,0.5292,0.0904,0.2863
MOD13A1_006__500m_16_days_NDVI_doy2021113_aid0001,_500m_16_days_NDVI,aid0001,2021-04-23,1617.0,0.1414,0.8585,"(0.1414,0.8585)",0.5334477,0.2277867,0.0518868,0.7558,0.8585,0.5749,0.1414,0.3083
MOD13A1_006__500m_16_days_NDVI_doy2021129_aid0001,_500m_16_days_NDVI,aid0001,2021-05-09,1617.0,0.0583,0.82,"(0.0583,0.82)",0.5095336,0.2309381,0.0533324,0.7458,0.82,0.5259,0.0583,0.2811
MOD13A1_006__500m_16_days_NDVI_doy2021145_aid0001,_500m_16_days_NDVI,aid0001,2021-05-25,1617.0,0.1412,0.9149,"(0.1412,0.9149)",0.5758662,0.2582339,0.0666848,0.8353,0.9149,0.6274,0.1412,0.3101
MOD13A1_006__500m_16_days_NDVI_doy2021353_aid0001,_500m_16_days_NDVI,aid0001,2021-12-19,1617.0,0.0639,0.9799,"(0.0639,0.9799)",0.5459962,0.2584623,0.0668028,0.7968,0.9799,0.5823,0.0639,0.2835
MOD13A1_006__500m_16_days_NDVI_doy2022001_aid0001,_500m_16_days_NDVI,aid0001,2022-01-01,1617.0,0.0024,0.8606,"(0.0024,0.8606)",0.512938,0.2469866,0.0610024,0.7589,0.8606,0.5596,0.0024,0.2679
MOD13A1_006__500m_16_days_NDVI_doy2022017_aid0001,_500m_16_days_NDVI,aid0001,2022-01-17,1617.0,0.0234,0.9414,"(0.0234,0.9414)",0.4822028,0.2476716,0.0613412,0.7164,0.9414,0.5182,0.0234,0.2248
